item_id,order_id,product_id,quantity,unit_price,discount_percent
1,ORD-99999,PROD-99999,0,1290.44,138.4
2,ORD-01334,PROD-00185,7,470.55,42.85
3,ORD-00098,PROD-00123,5,1350.76,10.77
4,ORD-00559,PROD-00293,1,2084.94,5.53
5,ORD-01418,PROD-00211,3,2336.47,8.56
6,ORD-01043,PROD-00150,3,174.53,5.68
7,ORD-00447,PROD-00026,7,602.01,22.67
8,ORD-01245,PROD-00121,7,1704.44,14.89
9,ORD-00544,PROD-00087,5,566.96,19.29
10,ORD-00533,PROD-00238,1,1174.15,43.62
11,ORD-00589,PROD-00083,2,1294.67,31.92
12,ORD-00500,PROD-00072,4,2152.71,37.76
13,ORD-01227,PROD-00153,5,1487.89,32.78
14,ORD-01039,PROD-00248,6,702.04,4.15
15,ORD-00122,PROD-00282,6,1475.81,23.37
16,ORD-00584,PROD-00114,4,786.81,35.19
17,ORD-01427,PROD-00090,3,1736.79,9.23
18,ORD-00848,PROD-00230,5,1400.73,18.18
19,ORD-01418,PROD-00113,2,174.03,19.52
20,ORD-00510,PROD-00229,6,1258.19,5.85
21,ORD-01433,PROD-00292,1,689.43,7.74
22,ORD-00892,PROD-00200,5,1077.68,14.9
23,ORD-00002,PROD-00072,2,111.02,23.18
24,ORD-00217,PROD-00181,3,393.47,32.79
25,ORD-00871,PROD-00042,5,173.52,25.86
26,ORD-01184,PROD-00232,7,2464.91,11.16
27,ORD-01037,PROD-00044,2,468.16,33.68
28,ORD-00535,PROD-00124,7,1219.17,30.04
29,ORD-00186,PROD-00086,3,116.99,14.35
30,ORD-01111,PROD-00192,1,432.43,34.38
31,ORD-00765,PROD-00194,6,1350.06,21.99
32,ORD-00866,PROD-00012,1,863.84,36.09
33,ORD-01427,PROD-00057,1,1295.17,0.71
34,ORD-00832,PROD-00079,3,1418.56,4.03
35,ORD-00649,PROD-00144,-3,557.48,39.05
36,ORD-00591,PROD-00212,4,381.02,17.73
37,ORD-00593,PROD-00153,3,1689.94,42.73
38,ORD-00395,PROD-00290,5,1411.46,13.82
39,ORD-00577,PROD-00295,7,1296.75,32.2
40,ORD-00253,PROD-00214,7,1484.62,23.64
41,ORD-00323,PROD-00228,2,1851.36,9.63
42,ORD-01161,PROD-00184,5,2424.66,0.06
43,ORD-00149,PROD-00045,7,1679.02,43.03
44,ORD-00085,PROD-00158,3,2304.88,16.78
45,ORD-00499,PROD-00032,1,2344.71,9.66
46,ORD-00417,PROD-00204,2,1512.87,13.45
47,ORD-00307,PROD-00012,2,1697.16,38.24
48,ORD-00898,PROD-00133,2,2179.42,3.77
49,ORD-01209,PROD-00043,1,89.88,23.74
50,ORD-01246,PROD-00077,5,839.39,35.39
51,ORD-00501,PROD-00033,5,52.18,37.49
52,ORD-01356,PROD-00166,1,428.07,11.09
53,ORD-00755,PROD-00256,5,444.26,2.28
54,ORD-00807,PROD-00043,3,1255.9,2.24
55,ORD-01298,PROD-00280,2,804.73,35.13
56,ORD-01248,PROD-00221,0,698.02,39.0
57,ORD-00894,PROD-00184,7,1488.85,6.38
58,ORD-01087,PROD-00165,3,2362.16,26.61
59,ORD-00219,PROD-00054,7,781.07,16.42
60,ORD-00778,PROD-00297,5,456.38,26.86
61,ORD-00440,PROD-00245,2,1850.31,37.87
62,ORD-00965,PROD-00206,4,978.28,13.33
63,ORD-01438,PROD-00083,5,1335.71,30.3
64,ORD-00651,PROD-00177,1,2281.26,1.44
65,ORD-01140,PROD-00221,2,960.17,32.79
66,ORD-01414,PROD-00194,4,981.45,7.21
67,ORD-01200,PROD-00082,5,1761.92,11.31
68,ORD-00739,PROD-00259,4,1501.95,6.29
69,ORD-00458,PROD-00204,-3,2441.09,15.01
70,ORD-00833,PROD-00022,5,393.52,9.41
71,ORD-01277,PROD-00057,3,1548.07,9.06
72,ORD-01372,PROD-00216,5,2219.12,41.45
73,ORD-00011,PROD-00099,6,1616.88,26.66
74,ORD-00838,PROD-00002,4,1002.47,9.21
75,ORD-00131,PROD-00061,2,2039.45,13.47
76,ORD-01409,PROD-00128,5,2054.83,13.17
77,ORD-01427,PROD-00240,4,1981.14,9.79
78,ORD-00689,PROD-00095,2,549.01,36.01
79,ORD-00193,PROD-00241,5,2148.59,12.32
80,ORD-00755,PROD-00122,2,1164.5,26.26
81,ORD-00430,PROD-00022,6,1046.89,20.15
82,ORD-00935,PROD-00215,1,2439.07,43.38
83,ORD-00443,PROD-00061,1,1879.59,6.75
84,ORD-01440,PROD-00214,1,1498.88,23.59
85,ORD-01288,PROD-00277,1,821.73,36.91
86,ORD-00800,PROD-00037,4,1490.43,17.27
87,ORD-00821,PROD-00176,4,2122.9,27.94
88,ORD-00550,PROD-00074,4,718.82,23.16
89,ORD-01338,PROD-00112,7,1884.95,24.88
90,ORD-00516,PROD-00052,2,688.12,8.06
91,ORD-00219,PROD-00006,5,1724.75,5.89
92,ORD-01139,PROD-00190,1,190.97,0.01
93,ORD-01427,PROD-00021,6,754.13,44.39
94,ORD-00049,PROD-00279,1,2437.75,44.7
95,ORD-00630,PROD-00236,7,1570.3,35.85
96,ORD-01013,PROD-00174,1,812.66,23.21
97,ORD-00146,PROD-00084,6,1941.81,34.08
98,ORD-00733,PROD-00287,2,1032.07,44.67
99,ORD-01044,PROD-00273,7,154.46,42.01
100,ORD-00503,PROD-00271,2,388.18,41.95
101,ORD-00590,PROD-99999,7,690.77,36.34
102,ORD-00029,PROD-00066,2,1368.05,17.32
103,ORD-01157,PROD-00124,-4,606.21,26.3
104,ORD-01023,PROD-00264,7,1553.39,21.99
105,ORD-00576,PROD-00210,1,1422.09,13.46
106,ORD-00205,PROD-00126,1,2190.9,36.34
107,ORD-00663,PROD-00112,1,1917.34,24.7
108,ORD-01093,PROD-00078,7,1465.36,13.63
109,ORD-00278,PROD-00034,7,969.99,4.85
110,ORD-00291,PROD-00100,6,1579.62,36.18
111,ORD-00155,PROD-00123,0,940.56,5.25
112,ORD-00842,PROD-00261,5,1901.05,18.56
113,ORD-01240,PROD-00289,2,1203.35,13.4
114,ORD-00650,PROD-00118,5,1123.44,14.48
115,ORD-01100,PROD-00068,3,2021.62,32.71
116,ORD-00188,PROD-00271,3,1717.58,19.79
117,ORD-00834,PROD-00120,7,1708.55,5.18
118,ORD-01299,PROD-00177,6,338.92,25.64
119,ORD-01473,PROD-00268,1,1390.86,42.29
120,ORD-01480,PROD-00218,1,2477.15,21.76
121,ORD-01246,PROD-00251,4,2266.94,6.32
122,ORD-00728,PROD-00197,2,845.94,13.58
123,ORD-00643,PROD-00085,2,2172.65,41.35
124,ORD-00120,PROD-00211,4,1282.08,6.53
125,ORD-01344,PROD-00239,6,692.15,23.62
126,ORD-99999,PROD-00163,4,440.99,2.09
127,ORD-00480,PROD-00012,5,1863.46,15.03
128,ORD-00202,PROD-00103,3,689.73,41.94
129,ORD-00230,PROD-00108,5,2469.7,34.2
130,ORD-00153,PROD-00094,5,1581.04,19.06
131,ORD-00599,PROD-00023,7,637.12,25.46
132,ORD-00406,PROD-00228,7,449.1,29.49
133,ORD-00054,PROD-00197,4,2268.63,11.58
134,ORD-00089,PROD-00211,2,1909.96,19.04
135,ORD-00675,PROD-00138,6,347.34,27.35
136,ORD-01213,PROD-00125,1,2263.85,2.08
137,ORD-00768,PROD-00222,-1,35.39,41.45
138,ORD-01267,PROD-00281,4,1844.98,36.21
139,ORD-01140,PROD-00028,7,1279.37,12.68
140,ORD-00664,PROD-00060,2,1063.96,30.6
141,ORD-01433,PROD-00263,1,1952.58,33.54
142,ORD-00756,PROD-00041,5,478.67,20.84
143,ORD-00980,PROD-00167,1,1999.67,38.34
144,ORD-00779,PROD-00042,6,2092.66,30.54
145,ORD-00233,PROD-00130,4,2184.63,41.88
146,ORD-00591,PROD-00248,6,2365.56,17.21
147,ORD-00834,PROD-00268,3,2114.15,29.48
148,ORD-01020,PROD-00024,7,287.26,20.35
149,ORD-01171,PROD-00228,7,1564.4,14.78
150,ORD-01044,PROD-00040,3,626.92,10.52
151,ORD-01360,PROD-00010,2,282.19,155.26
152,ORD-01451,PROD-00181,2,1134.05,28.81
153,ORD-01451,PROD-00152,3,2461.22,25.64
154,ORD-00514,PROD-00191,2,315.68,43.71
155,ORD-01305,PROD-00211,3,2091.7,10.11
156,ORD-00905,PROD-00092,7,651.69,38.62
157,ORD-01233,PROD-00157,3,945.77,25.41
158,ORD-01436,PROD-00211,5,2163.42,2.03
159,ORD-00314,PROD-00152,5,977.09,2.18
160,ORD-00633,PROD-00106,6,158.54,7.6
161,ORD-00189,PROD-00133,3,1345.29,20.13
162,ORD-00193,PROD-00261,1,1508.74,10.02
163,ORD-00092,PROD-00244,7,1039.13,31.77
164,ORD-01020,PROD-00100,7,448.01,17.63
165,ORD-00680,PROD-00001,1,1215.02,29.55
166,ORD-00793,PROD-00146,0,169.6,18.0
167,ORD-00422,PROD-00248,2,1807.51,8.33
168,ORD-01202,PROD-00150,1,590.13,43.8
169,ORD-00350,PROD-00045,3,307.0,34.21
170,ORD-00276,PROD-00277,1,217.45,30.45
171,ORD-00119,PROD-00072,-5,63.0,28.19
172,ORD-01412,PROD-00215,7,259.14,6.55
173,ORD-00355,PROD-00276,7,270.23,14.18
174,ORD-01444,PROD-00145,6,692.99,41.34
175,ORD-00390,PROD-00155,3,337.96,9.22
176,ORD-01197,PROD-00136,1,2007.49,42.53
177,ORD-00478,PROD-00276,5,287.58,39.46
178,ORD-01396,PROD-00149,4,2454.53,4.51
179,ORD-01269,PROD-00136,4,960.27,16.45
180,ORD-00707,PROD-00160,4,1129.35,30.26
181,ORD-00476,PROD-00159,7,1377.19,34.21
182,ORD-00046,PROD-00148,1,1728.45,26.2
183,ORD-01070,PROD-00076,6,1135.99,27.96
184,ORD-00849,PROD-00214,4,464.07,12.07
185,ORD-00189,PROD-00084,3,2041.97,19.13
186,ORD-00170,PROD-00042,1,1661.08,21.19
187,ORD-01348,PROD-00139,6,881.32,27.18
188,ORD-00784,PROD-00212,1,1257.45,31.45
189,ORD-00116,PROD-00086,3,155.87,1.61
190,ORD-01172,PROD-00138,3,1233.26,38.42
191,ORD-01247,PROD-00221,1,1250.3,36.25
192,ORD-01203,PROD-00249,2,1270.89,42.92
193,ORD-00062,PROD-00018,3,1331.11,20.26
194,ORD-00087,PROD-00276,6,105.54,10.49
195,ORD-00747,PROD-00113,5,688.46,2.02
196,ORD-01304,PROD-00274,2,139.24,26.14
197,ORD-01156,PROD-00272,5,790.71,11.09
198,ORD-01127,PROD-00247,6,852.9,6.97
199,ORD-01195,PROD-00065,6,1584.57,0.78
200,ORD-01082,PROD-00093,2,763.48,12.08
201,ORD-00383,PROD-99999,5,2109.19,9.13
202,ORD-01460,PROD-00110,6,1721.73,25.92
203,ORD-00109,PROD-00021,1,2312.24,30.37
204,ORD-00182,PROD-00125,4,442.31,23.8
205,ORD-00543,PROD-00041,-1,375.39,39.37
206,ORD-00775,PROD-00015,4,2188.69,42.73
207,ORD-00996,PROD-00026,4,1797.86,21.94
208,ORD-01100,PROD-00149,2,2154.35,21.27
209,ORD-01498,PROD-00257,3,2341.58,5.04
210,ORD-01356,PROD-00139,6,2127.25,12.66
211,ORD-00861,PROD-00018,7,91.75,29.15
212,ORD-00937,PROD-00072,4,2148.12,10.35
213,ORD-00382,PROD-00010,7,2403.2,11.46
214,ORD-00346,PROD-00024,6,1022.23,13.75
215,ORD-00338,PROD-00236,5,2055.74,32.85
216,ORD-01125,PROD-00107,6,987.54,2.19
217,ORD-00381,PROD-00283,6,1274.17,11.54
218,ORD-00912,PROD-00129,7,1630.08,35.79
219,ORD-01448,PROD-00150,2,1040.98,20.05
220,ORD-00672,PROD-00287,7,1515.4,19.59
221,ORD-00354,PROD-00286,0,1605.49,20.57
222,ORD-00503,PROD-00135,1,123.17,17.83
223,ORD-00358,PROD-00069,3,147.35,0.48
224,ORD-00007,PROD-00222,3,1150.9,10.16
225,ORD-01014,PROD-00101,3,2226.87,10.16
226,ORD-00289,PROD-00266,1,169.5,5.48
227,ORD-01219,PROD-00170,5,2418.4,15.82
228,ORD-00622,PROD-00249,5,2096.75,22.24
229,ORD-01481,PROD-00011,6,1723.6,16.09
230,ORD-01445,PROD-00237,7,501.05,13.7
231,ORD-00844,PROD-00117,3,2432.18,7.62
232,ORD-01271,PROD-00001,3,944.42,44.58
233,ORD-01345,PROD-00226,2,2110.19,21.38
234,ORD-01407,PROD-00295,2,2035.55,16.35
235,ORD-00557,PROD-00185,3,2151.3,30.06
236,ORD-00679,PROD-00043,4,1912.25,34.2
237,ORD-01034,PROD-00217,3,1602.93,40.07
238,ORD-00639,PROD-00247,4,1718.67,30.99
239,ORD-00480,PROD-00300,-2,180.76,35.88
240,ORD-01109,PROD-00056,5,1511.99,22.16
241,ORD-01318,PROD-00059,1,2003.8,7.46
242,ORD-01345,PROD-00205,1,2357.29,44.99
243,ORD-00798,PROD-00261,5,2371.43,37.25
244,ORD-00527,PROD-00006,5,2081.57,12.26
245,ORD-01221,PROD-00235,3,359.83,37.74
246,ORD-00463,PROD-00227,3,2205.91,32.54
247,ORD-01069,PROD-00256,7,1462.81,38.04
248,ORD-00615,PROD-00125,5,2176.99,7.69
249,ORD-01463,PROD-00265,7,1605.66,21.32
250,ORD-00447,PROD-00300,4,60.03,2.85
251,ORD-99999,PROD-00199,6,539.47,23.71
252,ORD-01014,PROD-00044,3,784.47,25.41
253,ORD-01066,PROD-00150,6,2354.96,0.28
254,ORD-00014,PROD-00048,5,1853.46,32.77
255,ORD-00967,PROD-00220,7,1185.95,15.01
256,ORD-00805,PROD-00102,7,368.0,36.73
257,ORD-01335,PROD-00090,5,2434.44,25.25
258,ORD-00186,PROD-00189,4,789.57,41.43
259,ORD-00750,PROD-00252,2,1109.67,44.64
260,ORD-00818,PROD-00232,7,547.2,36.88
261,ORD-01300,PROD-00225,1,1048.44,3.56
262,ORD-00762,PROD-00072,5,2300.09,2.07
263,ORD-00510,PROD-00241,4,2340.92,29.51
264,ORD-00784,PROD-00298,7,101.37,27.91
265,ORD-01146,PROD-00077,6,1257.29,27.31
266,ORD-01159,PROD-00091,3,1189.07,2.43
267,ORD-00670,PROD-00191,3,2448.3,1.59
268,ORD-00244,PROD-00201,5,1484.54,12.68
269,ORD-00777,PROD-00105,6,1915.28,22.37
270,ORD-00422,PROD-00201,3,1406.68,12.99
271,ORD-01432,PROD-00017,2,1621.93,40.6
272,ORD-00579,PROD-00293,4,838.57,31.68
273,ORD-00918,PROD-00125,-2,933.96,30.01
274,ORD-00087,PROD-00162,3,2044.67,44.06
275,ORD-01467,PROD-00138,2,26.46,43.14
276,ORD-01252,PROD-00160,0,2027.3,37.23
277,ORD-00238,PROD-00046,6,1352.58,31.83
278,ORD-01136,PROD-00187,2,2155.67,32.58
279,ORD-00411,PROD-00257,7,2094.7,4.21
280,ORD-00018,PROD-00151,6,2034.78,15.1
281,ORD-00769,PROD-00122,2,663.66,7.34
282,ORD-01486,PROD-00082,6,903.1,10.08
283,ORD-00510,PROD-00055,4,1553.28,0.32
284,ORD-00259,PROD-00226,5,387.53,29.6
285,ORD-00153,PROD-00147,2,72.52,20.33
286,ORD-00415,PROD-00027,3,1483.19,40.88
287,ORD-00027,PROD-00255,7,301.94,42.48
288,ORD-01379,PROD-00296,4,1618.26,16.93
289,ORD-00565,PROD-00201,4,1757.81,13.14
290,ORD-00500,PROD-00298,1,1453.74,12.8
291,ORD-01379,PROD-00190,4,350.8,9.59
292,ORD-00051,PROD-00017,1,1635.83,37.66
293,ORD-00667,PROD-00245,6,1918.81,1.82
294,ORD-00524,PROD-00295,3,1128.58,28.43
295,ORD-00117,PROD-00131,1,2129.13,16.01
296,ORD-00386,PROD-00045,4,1378.65,27.4
297,ORD-00518,PROD-00166,3,1153.32,23.37
298,ORD-00764,PROD-00105,1,664.55,14.54
299,ORD-00654,PROD-00124,1,1438.58,44.3
300,ORD-00463,PROD-00154,1,537.21,24.17
301,ORD-00642,PROD-99999,7,2421.97,112.46
302,ORD-00347,PROD-00003,1,1967.67,18.26
303,ORD-00426,PROD-00135,5,1367.23,19.73
304,ORD-00543,PROD-00102,2,1151.77,42.84
305,ORD-01224,PROD-00134,6,2150.49,15.74
306,ORD-01276,PROD-00101,3,1069.08,32.12
307,ORD-00895,PROD-00019,-1,2419.36,34.49
308,ORD-00362,PROD-00267,2,1373.93,33.59
309,ORD-01039,PROD-00006,7,93.35,2.73
310,ORD-01228,PROD-00066,2,101.84,39.75
311,ORD-01484,PROD-00099,1,691.02,20.39
312,ORD-00754,PROD-00262,7,1789.7,10.84
313,ORD-00573,PROD-00169,3,539.11,24.01
314,ORD-01461,PROD-00043,7,1776.2,28.96
315,ORD-01203,PROD-00170,1,1307.29,40.41
316,ORD-00864,PROD-00270,3,176.15,1.39
317,ORD-01242,PROD-00203,7,743.19,0.59
318,ORD-01480,PROD-00083,2,2350.18,38.78
319,ORD-01037,PROD-00172,5,479.32,22.18
320,ORD-01285,PROD-00051,3,1998.53,28.07
321,ORD-00163,PROD-00153,2,1172.07,16.81
322,ORD-00743,PROD-00119,3,504.27,30.8
323,ORD-01175,PROD-00141,6,1318.29,44.81
324,ORD-00191,PROD-00248,3,100.87,35.61
325,ORD-01303,PROD-00270,7,1018.89,40.06
326,ORD-01181,PROD-00056,7,609.95,17.66
327,ORD-00719,PROD-00175,7,2197.84,30.47
328,ORD-00606,PROD-00178,4,2046.24,37.95
329,ORD-01437,PROD-00072,4,410.48,42.72
330,ORD-01306,PROD-00160,6,1345.18,29.62
331,ORD-01324,PROD-00075,0,528.8,15.95
332,ORD-00023,PROD-00185,6,557.0,27.89
333,ORD-00471,PROD-00194,7,1726.13,34.46
334,ORD-00242,PROD-00158,4,1980.18,44.45
335,ORD-00087,PROD-00082,1,644.13,34.38
336,ORD-00741,PROD-00015,7,1066.83,33.17
337,ORD-00195,PROD-00288,6,1019.53,15.61
338,ORD-00507,PROD-00032,6,1066.59,20.86
339,ORD-01097,PROD-00008,1,875.73,36.62
340,ORD-00893,PROD-00074,1,1219.93,37.06
341,ORD-00534,PROD-00006,-5,1378.27,34.28
342,ORD-00202,PROD-00187,6,359.91,16.38
343,ORD-00369,PROD-00118,3,2340.81,18.31
344,ORD-01318,PROD-00158,2,1783.66,5.26
345,ORD-00349,PROD-00236,1,1124.69,24.53
346,ORD-01457,PROD-00171,3,126.18,6.36
347,ORD-01114,PROD-00287,1,941.17,37.48
348,ORD-01379,PROD-00111,7,924.32,3.59
349,ORD-00765,PROD-00256,2,1406.89,32.85
350,ORD-01418,PROD-00042,4,1576.6,12.09
351,ORD-00676,PROD-00009,7,1810.82,12.13
352,ORD-00555,PROD-00240,4,881.77,24.58
353,ORD-01370,PROD-00141,2,519.85,44.18
354,ORD-01212,PROD-00232,1,1774.88,29.7
355,ORD-01199,PROD-00293,5,1923.38,40.39
356,ORD-01273,PROD-00151,7,949.52,11.11
357,ORD-01112,PROD-00167,6,1596.46,28.28
358,ORD-00697,PROD-00011,7,432.37,33.86
359,ORD-00176,PROD-00126,6,562.96,34.25
360,ORD-01240,PROD-00047,6,845.14,16.1
361,ORD-01314,PROD-00280,1,953.31,28.19
362,ORD-00664,PROD-00012,6,843.58,5.22
363,ORD-00677,PROD-00250,1,1844.62,3.39
364,ORD-00756,PROD-00091,4,1795.23,6.83
365,ORD-00396,PROD-00211,6,992.71,35.31
366,ORD-01449,PROD-00235,1,1124.56,2.35
367,ORD-01292,PROD-00153,7,1302.7,34.83
368,ORD-00407,PROD-00209,5,474.85,27.46
369,ORD-00492,PROD-00114,6,266.82,41.5
370,ORD-00244,PROD-00011,2,2495.73,2.0
371,ORD-00135,PROD-00148,2,132.34,16.47
372,ORD-00879,PROD-00164,3,1607.87,5.07
373,ORD-00894,PROD-00156,7,1601.68,29.04
374,ORD-00488,PROD-00096,1,1909.18,43.1
375,ORD-00787,PROD-00043,-1,1915.02,37.89
376,ORD-99999,PROD-00154,1,167.47,29.47
377,ORD-00486,PROD-00049,6,1478.23,33.71
378,ORD-00106,PROD-00279,4,1764.61,9.81
379,ORD-00423,PROD-00115,1,855.1,17.55
380,ORD-01273,PROD-00284,5,979.96,35.67
381,ORD-01211,PROD-00166,4,933.68,36.23
382,ORD-01368,PROD-00291,4,797.67,18.79
383,ORD-01168,PROD-00003,4,608.88,28.49
384,ORD-00758,PROD-00171,3,1054.67,3.4
385,ORD-00866,PROD-00212,1,1944.9,9.72
386,ORD-00749,PROD-00130,0,1944.7,33.6
387,ORD-00177,PROD-00266,7,1005.9,39.54
388,ORD-01380,PROD-00169,2,835.87,40.75
389,ORD-01062,PROD-00286,7,399.1,39.85
390,ORD-01300,PROD-00112,4,471.63,31.83
391,ORD-00589,PROD-00085,1,2470.92,5.97
392,ORD-00724,PROD-00280,6,2128.88,18.7
393,ORD-01145,PROD-00071,5,1001.32,20.17
394,ORD-00220,PROD-00003,6,1089.72,9.42
395,ORD-01489,PROD-00191,7,899.04,24.84
396,ORD-01127,PROD-00089,6,61.06,27.43
397,ORD-00317,PROD-00146,6,1784.74,40.71
398,ORD-01233,PROD-00294,1,1593.49,28.3
399,ORD-00180,PROD-00127,6,2200.95,33.89
400,ORD-01244,PROD-00281,2,1542.46,22.72
401,ORD-00423,PROD-99999,5,2408.8,44.68
402,ORD-00585,PROD-00300,2,1709.19,19.29
403,ORD-00999,PROD-00144,7,1483.71,33.84
404,ORD-00991,PROD-00238,6,2031.0,26.25
405,ORD-01296,PROD-00019,6,1933.19,38.68
406,ORD-00243,PROD-00098,1,348.36,28.84
407,ORD-00324,PROD-00033,5,700.41,6.49
408,ORD-01282,PROD-00011,3,635.31,7.73
409,ORD-01287,PROD-00185,-2,820.93,21.31
410,ORD-01129,PROD-00018,2,1874.92,31.37
411,ORD-00353,PROD-00036,1,2329.33,5.16
412,ORD-01045,PROD-00164,1,750.15,7.73
413,ORD-00213,PROD-00164,7,2278.34,27.08
414,ORD-01250,PROD-00200,2,2020.48,16.46
415,ORD-01033,PROD-00067,7,901.53,19.33
416,ORD-00272,PROD-00298,6,597.35,16.25
417,ORD-00593,PROD-00143,2,904.31,16.81
418,ORD-00150,PROD-00052,2,2047.31,37.82
419,ORD-01263,PROD-00170,7,2432.18,9.28
420,ORD-00514,PROD-00292,2,1061.75,32.48
421,ORD-00200,PROD-00004,1,1644.04,42.78
422,ORD-00284,PROD-00090,2,2370.86,7.23
423,ORD-00687,PROD-00293,1,2016.2,2.87
424,ORD-00979,PROD-00195,7,611.79,30.42
425,ORD-01396,PROD-00038,4,954.6,29.42
426,ORD-01492,PROD-00260,3,2373.78,27.65
427,ORD-00587,PROD-00237,5,225.63,39.75
428,ORD-00210,PROD-00263,7,2315.22,30.51
429,ORD-01192,PROD-00172,5,412.75,33.61
430,ORD-00980,PROD-00083,1,754.2,12.71
431,ORD-00103,PROD-00143,5,837.42,9.54
432,ORD-01316,PROD-00074,7,803.22,38.14
433,ORD-00638,PROD-00227,4,1210.54,21.22
434,ORD-01383,PROD-00187,3,2375.25,27.64
435,ORD-00659,PROD-00200,6,1354.88,10.88
436,ORD-01263,PROD-00103,3,2356.81,16.06
437,ORD-00332,PROD-00050,5,238.67,32.56
438,ORD-00650,PROD-00020,6,367.93,29.71
439,ORD-00955,PROD-00089,6,854.68,17.8
440,ORD-01085,PROD-00234,2,1714.72,23.41
441,ORD-01168,PROD-00063,0,171.22,40.2
442,ORD-00045,PROD-00288,3,2016.59,14.1
443,ORD-01355,PROD-00217,-2,1807.42,1.47
444,ORD-00174,PROD-00141,2,651.97,38.8
445,ORD-00494,PROD-00156,7,1693.42,39.77
446,ORD-00928,PROD-00178,2,1452.68,3.98
447,ORD-00259,PROD-00290,6,1644.7,2.73
448,ORD-00432,PROD-00087,7,221.46,12.7
449,ORD-01406,PROD-00225,7,2176.76,31.17
450,ORD-00552,PROD-00111,2,1335.84,5.66
451,ORD-00109,PROD-00222,1,62.61,128.04
452,ORD-01156,PROD-00085,2,1436.77,41.59
453,ORD-00776,PROD-00001,2,799.5,25.54
454,ORD-00703,PROD-00219,1,1542.32,39.54
455,ORD-00761,PROD-00224,3,2364.12,15.31
456,ORD-00686,PROD-00206,7,453.98,22.62
457,ORD-00842,PROD-00144,5,1614.2,26.78
458,ORD-00507,PROD-00140,3,246.62,39.01
459,ORD-00676,PROD-00035,5,590.36,21.92
460,ORD-01198,PROD-00112,6,2370.92,31.27
461,ORD-00095,PROD-00201,6,1016.82,3.41
462,ORD-00136,PROD-00033,6,1004.02,11.97
463,ORD-00819,PROD-00036,7,1356.63,39.78
464,ORD-01024,PROD-00141,6,2239.1,19.86
465,ORD-01011,PROD-00026,3,2146.02,32.81
466,ORD-00097,PROD-00009,6,828.01,20.42
467,ORD-00463,PROD-00133,1,2400.61,3.79
468,ORD-00255,PROD-00248,3,1473.76,0.5
469,ORD-01300,PROD-00161,3,1684.28,6.59
470,ORD-01067,PROD-00072,3,819.88,29.68
471,ORD-00448,PROD-00060,1,78.95,6.9
472,ORD-00522,PROD-00275,6,2078.45,29.08
473,ORD-00827,PROD-00244,5,2086.12,20.56
474,ORD-00574,PROD-00128,5,965.62,37.17
475,ORD-01091,PROD-00123,7,1521.21,39.52
476,ORD-00898,PROD-00226,6,2375.84,3.27
477,ORD-01417,PROD-00259,-2,181.63,14.03
478,ORD-00167,PROD-00044,5,492.31,11.85
479,ORD-00446,PROD-00058,4,1473.35,28.85
480,ORD-00637,PROD-00069,3,1898.57,15.54
481,ORD-00365,PROD-00168,3,1649.84,26.84
482,ORD-01260,PROD-00014,3,2097.41,0.88
483,ORD-01484,PROD-00147,1,1397.69,18.6
484,ORD-00280,PROD-00267,5,1111.82,27.96
485,ORD-01360,PROD-00161,4,155.16,41.61
486,ORD-00244,PROD-00167,5,861.91,16.8
487,ORD-00670,PROD-00068,5,2016.92,26.13
488,ORD-00418,PROD-00279,4,1485.52,6.53
489,ORD-00187,PROD-00098,3,1407.46,20.61
490,ORD-01073,PROD-00001,2,160.82,14.27
491,ORD-01419,PROD-00160,5,1788.37,1.58
492,ORD-00233,PROD-00278,5,2199.65,4.22
493,ORD-00773,PROD-00163,2,1859.37,42.8
494,ORD-01247,PROD-00107,7,1311.77,7.68
495,ORD-00713,PROD-00276,4,2292.68,6.62
496,ORD-01123,PROD-00051,0,1508.93,21.79
497,ORD-01026,PROD-00076,4,902.4,14.46
498,ORD-00263,PROD-00257,2,1008.69,30.56
499,ORD-00566,PROD-00142,6,260.55,0.47
500,ORD-00629,PROD-00235,6,1515.32,25.46
501,ORD-99999,PROD-99999,6,1348.09,24.06
502,ORD-00065,PROD-00116,2,536.84,1.93
503,ORD-00556,PROD-00081,4,1346.04,7.04
504,ORD-00190,PROD-00082,2,2262.05,37.88
505,ORD-00571,PROD-00246,5,82.77,0.03
506,ORD-00583,PROD-00202,7,132.44,41.26
507,ORD-01011,PROD-00126,4,2135.38,20.39
508,ORD-01282,PROD-00050,5,214.32,6.15
509,ORD-00878,PROD-00300,5,1818.82,21.34
510,ORD-00714,PROD-00162,4,2083.01,5.51
511,ORD-00655,PROD-00029,-5,802.32,17.12
512,ORD-00520,PROD-00254,1,555.1,28.78
513,ORD-01128,PROD-00043,2,2300.31,13.06
514,ORD-00998,PROD-00261,6,976.05,4.85
515,ORD-00257,PROD-00097,5,742.97,30.36
516,ORD-00559,PROD-00266,1,530.67,14.68
517,ORD-01361,PROD-00195,1,907.83,22.24
518,ORD-00146,PROD-00077,5,883.66,24.69
519,ORD-01275,PROD-00267,2,515.85,2.63
520,ORD-01333,PROD-00285,2,151.94,23.14
521,ORD-00883,PROD-00256,5,1088.11,14.03
522,ORD-00480,PROD-00290,3,2388.09,32.97
523,ORD-00030,PROD-00292,1,674.25,24.86
524,ORD-00640,PROD-00024,3,1969.12,23.31
525,ORD-00256,PROD-00192,5,1556.59,4.43
526,ORD-00598,PROD-00084,4,934.31,17.02
527,ORD-00847,PROD-00145,6,605.03,43.07
528,ORD-00948,PROD-00088,4,2120.6,43.88
529,ORD-00782,PROD-00113,4,118.89,37.67
530,ORD-00699,PROD-00109,3,345.69,38.25
531,ORD-01408,PROD-00069,2,140.58,23.13
532,ORD-00042,PROD-00240,3,2289.05,33.19
533,ORD-00278,PROD-00275,3,909.47,0.63
534,ORD-00514,PROD-00281,6,445.72,42.64
535,ORD-00499,PROD-00168,2,1164.71,23.99
536,ORD-01022,PROD-00300,6,818.6,6.8
537,ORD-01044,PROD-00036,6,238.16,31.84
538,ORD-00347,PROD-00273,5,2188.67,33.65
539,ORD-00989,PROD-00269,1,2000.46,27.16
540,ORD-00738,PROD-00090,5,2470.04,7.76
541,ORD-00668,PROD-00047,1,2086.2,27.13
542,ORD-00449,PROD-00056,3,2174.83,33.93
543,ORD-00266,PROD-00152,2,1538.88,2.06
544,ORD-00931,PROD-00032,7,1856.51,23.42
545,ORD-00335,PROD-00116,-3,445.91,10.54
546,ORD-00914,PROD-00155,7,534.6,12.3
547,ORD-00530,PROD-00100,6,72.3,31.74
548,ORD-01158,PROD-00251,2,1170.88,5.74
549,ORD-00819,PROD-00136,2,742.47,36.43
550,ORD-00406,PROD-00104,2,2103.93,25.42
551,ORD-00436,PROD-00203,0,1538.97,1.01
552,ORD-00161,PROD-00158,1,1880.07,26.97
553,ORD-00253,PROD-00183,3,1198.37,18.04
554,ORD-00694,PROD-00157,5,590.3,3.26
555,ORD-00395,PROD-00044,4,2392.89,9.49
556,ORD-00772,PROD-00185,6,2097.86,7.41
557,ORD-00758,PROD-00226,6,565.69,9.58
558,ORD-00660,PROD-00145,7,311.38,42.59
559,ORD-00754,PROD-00292,1,1499.69,3.57
560,ORD-00564,PROD-00017,4,1281.62,44.08
561,ORD-01105,PROD-00019,4,2114.94,20.09
562,ORD-00029,PROD-00234,5,1414.32,16.94
563,ORD-01430,PROD-00039,1,166.7,13.8
564,ORD-00163,PROD-00032,2,2317.45,35.27
565,ORD-00594,PROD-00280,3,1214.67,15.29
566,ORD-00632,PROD-00256,3,129.2,36.54
567,ORD-01127,PROD-00095,1,1939.04,37.02
568,ORD-00934,PROD-00062,6,2219.2,8.36
569,ORD-00277,PROD-00106,1,1142.77,31.43
570,ORD-00224,PROD-00223,1,1365.23,39.96
571,ORD-00245,PROD-00218,2,147.99,0.96
572,ORD-00058,PROD-00088,6,1430.05,22.33
573,ORD-00969,PROD-00226,5,2072.12,27.32
574,ORD-01017,PROD-00274,5,26.54,20.33
575,ORD-01403,PROD-00052,1,2160.88,29.84
576,ORD-00770,PROD-00139,4,2325.42,3.55
577,ORD-00263,PROD-00124,3,1778.93,41.62
578,ORD-00797,PROD-00118,5,736.21,39.59
579,ORD-00015,PROD-00206,-2,2198.39,25.88
580,ORD-00082,PROD-00096,5,1761.04,40.35
581,ORD-00682,PROD-00133,6,320.74,5.1
582,ORD-00358,PROD-00252,5,264.01,6.74
583,ORD-00364,PROD-00274,6,1305.96,43.17
584,ORD-00754,PROD-00269,6,1386.78,34.12
585,ORD-01338,PROD-00280,4,190.97,5.1
586,ORD-00190,PROD-00168,4,845.8,9.06
587,ORD-00268,PROD-00206,5,2002.39,19.57
588,ORD-01091,PROD-00007,4,2135.12,20.02
589,ORD-01262,PROD-00236,6,419.36,44.3
590,ORD-00488,PROD-00019,1,842.98,6.56
591,ORD-00546,PROD-00144,1,2204.7,20.7
592,ORD-00415,PROD-00027,1,1729.63,7.62
593,ORD-01299,PROD-00208,4,2029.47,7.86
594,ORD-00208,PROD-00291,7,842.72,22.98
595,ORD-00610,PROD-00001,5,1944.75,20.76
596,ORD-00946,PROD-00061,2,1150.8,19.58
597,ORD-00391,PROD-00045,3,747.18,10.7
598,ORD-00967,PROD-00152,5,1358.49,13.52
599,ORD-01160,PROD-00284,3,1964.35,25.24
600,ORD-00534,PROD-00040,7,1235.89,42.98
601,ORD-00090,PROD-99999,2,2017.91,142.0
602,ORD-00780,PROD-00194,6,463.82,16.45
603,ORD-00064,PROD-00094,4,2208.56,1.46
604,ORD-00780,PROD-00222,1,1358.48,16.21
605,ORD-00138,PROD-00070,1,136.1,25.95
606,ORD-01426,PROD-00029,0,697.9,4.57
607,ORD-01335,PROD-00205,1,50.09,43.58
608,ORD-00117,PROD-00043,6,2335.27,14.4
609,ORD-00368,PROD-00188,6,252.76,7.05
610,ORD-01116,PROD-00279,6,2216.09,25.94
611,ORD-00600,PROD-00061,5,2048.35,11.72
612,ORD-01247,PROD-00089,2,558.12,35.0
613,ORD-00069,PROD-00007,-5,1613.21,9.85
614,ORD-00545,PROD-00292,6,1598.93,1.44
615,ORD-00660,PROD-00217,6,2490.47,3.98
616,ORD-00945,PROD-00086,5,1491.0,19.41
617,ORD-00775,PROD-00255,3,1891.76,31.66
618,ORD-01433,PROD-00290,1,2245.5,36.6
619,ORD-01343,PROD-00012,6,1631.63,28.14
620,ORD-00396,PROD-00202,7,1162.19,32.12
621,ORD-01315,PROD-00004,1,173.23,19.39
622,ORD-00600,PROD-00001,5,2117.05,14.13
623,ORD-00070,PROD-00202,3,1100.99,42.65
624,ORD-00851,PROD-00284,4,2304.1,43.43
625,ORD-00244,PROD-00028,5,367.54,42.32
626,ORD-99999,PROD-00138,2,1615.52,34.09
627,ORD-00423,PROD-00230,4,1233.33,23.31
628,ORD-01136,PROD-00159,7,2059.18,7.9
629,ORD-01482,PROD-00277,6,1982.72,34.44
630,ORD-01031,PROD-00144,2,42.04,24.71
631,ORD-00314,PROD-00248,7,1387.27,17.53
632,ORD-01106,PROD-00041,4,580.76,10.32
633,ORD-00552,PROD-00186,5,1301.36,27.17
634,ORD-00053,PROD-00099,6,1128.67,42.18
635,ORD-00567,PROD-00038,7,1300.02,25.28
636,ORD-00365,PROD-00167,5,833.03,3.26
637,ORD-00804,PROD-00008,5,1920.28,35.6
638,ORD-00358,PROD-00024,1,1296.26,19.91
639,ORD-00854,PROD-00246,7,947.85,39.21
640,ORD-00114,PROD-00270,4,2084.06,31.75
641,ORD-00549,PROD-00121,3,1962.24,22.97
642,ORD-00076,PROD-00236,1,948.53,28.41
643,ORD-01474,PROD-00167,6,1373.45,32.66
644,ORD-00540,PROD-00181,6,32.04,38.74
645,ORD-01485,PROD-00019,3,1203.38,29.38
646,ORD-01107,PROD-00154,1,831.12,5.28
647,ORD-00231,PROD-00042,-1,1592.04,28.68
648,ORD-01115,PROD-00043,4,1146.04,21.8
649,ORD-01246,PROD-00234,1,1538.52,17.69
650,ORD-01492,PROD-00179,5,138.36,44.47
651,ORD-01419,PROD-00195,4,1794.01,22.87
652,ORD-00176,PROD-00065,3,610.66,41.24
653,ORD-00739,PROD-00207,3,917.83,22.84
654,ORD-00319,PROD-00150,2,1723.03,21.2
655,ORD-01320,PROD-00031,5,2066.39,4.51
656,ORD-01423,PROD-00046,4,1624.09,19.72
657,ORD-00030,PROD-00123,3,2165.88,26.62
658,ORD-01400,PROD-00122,3,757.62,16.92
659,ORD-01040,PROD-00026,7,1576.91,2.79
660,ORD-01210,PROD-00296,5,1100.07,27.3
661,ORD-00396,PROD-00213,0,663.57,35.3
662,ORD-00232,PROD-00206,6,510.62,27.52
663,ORD-00505,PROD-00148,6,1231.75,14.0
664,ORD-00542,PROD-00027,7,1297.72,4.48
665,ORD-01105,PROD-00186,3,1280.37,26.98
666,ORD-00400,PROD-00082,1,219.33,42.1
667,ORD-01338,PROD-00194,7,982.0,36.92
668,ORD-00750,PROD-00250,4,463.63,15.16
669,ORD-00857,PROD-00042,1,329.33,16.88
670,ORD-00070,PROD-00100,7,1822.45,39.91
671,ORD-00593,PROD-00217,1,1650.45,11.7
672,ORD-01039,PROD-00264,1,1014.93,3.61
673,ORD-00607,PROD-00290,4,2193.11,5.06
674,ORD-01244,PROD-00165,6,2186.93,36.69
675,ORD-00703,PROD-00047,5,78.35,41.03
676,ORD-00335,PROD-00202,7,1150.11,28.02
677,ORD-00194,PROD-00074,3,951.46,26.7
678,ORD-00004,PROD-00105,5,1151.53,7.78
679,ORD-00050,PROD-00197,5,318.75,22.23
680,ORD-01171,PROD-00011,2,464.13,6.52
681,ORD-00513,PROD-00212,-2,2202.67,38.75
682,ORD-00496,PROD-00001,3,1124.08,42.69
683,ORD-00707,PROD-00298,7,1830.39,44.35
684,ORD-01142,PROD-00277,3,1294.05,31.75
685,ORD-00759,PROD-00238,4,1842.87,32.71
686,ORD-00789,PROD-00136,6,239.7,44.03
687,ORD-00692,PROD-00016,7,2487.04,12.44
688,ORD-00828,PROD-00069,2,976.45,13.3
689,ORD-00776,PROD-00047,4,358.8,14.06
690,ORD-00757,PROD-00021,7,749.72,25.11
691,ORD-01293,PROD-00230,4,968.21,36.48
692,ORD-01446,PROD-00039,6,576.54,3.21
693,ORD-01217,PROD-00092,6,515.62,38.81
694,ORD-00409,PROD-00188,3,1711.34,17.04
695,ORD-00445,PROD-00289,7,1536.66,6.71
696,ORD-00408,PROD-00031,1,646.21,10.27
697,ORD-01189,PROD-00180,3,1682.36,12.4
698,ORD-00348,PROD-00255,3,1408.14,21.93
699,ORD-00081,PROD-00089,5,986.14,3.51
700,ORD-00943,PROD-00057,2,804.64,14.3
701,ORD-00772,PROD-99999,1,1261.83,43.84
702,ORD-00906,PROD-00199,6,264.61,34.3
703,ORD-00645,PROD-00157,7,405.65,42.79
704,ORD-01463,PROD-00169,4,1103.21,4.76
705,ORD-00059,PROD-00213,7,1982.91,2.13
706,ORD-00597,PROD-00197,3,1200.49,23.4
707,ORD-01167,PROD-00203,2,1224.68,9.49
708,ORD-00882,PROD-00094,7,2327.02,27.68
709,ORD-00372,PROD-00015,5,1937.05,44.93
710,ORD-01356,PROD-00171,2,773.19,27.65
711,ORD-00881,PROD-00166,2,1724.0,28.25
712,ORD-01327,PROD-00140,2,738.31,24.65
713,ORD-01200,PROD-00281,1,760.63,23.23
714,ORD-00590,PROD-00032,3,1776.32,23.63
715,ORD-01308,PROD-00180,-1,566.59,9.48
716,ORD-01498,PROD-00219,0,1770.8,13.9
717,ORD-00935,PROD-00143,7,1503.5,38.22
718,ORD-00903,PROD-00294,3,1033.14,20.44
719,ORD-01371,PROD-00114,6,607.69,38.55
720,ORD-00479,PROD-00280,1,1675.55,43.36
721,ORD-01334,PROD-00004,4,915.24,5.08
722,ORD-00393,PROD-00134,5,396.07,40.64
723,ORD-00761,PROD-00253,2,626.02,16.64
724,ORD-01296,PROD-00213,6,451.54,38.37
725,ORD-00174,PROD-00049,2,358.76,8.5
726,ORD-00689,PROD-00172,3,2164.26,38.57
727,ORD-00251,PROD-00181,5,2273.89,44.4
728,ORD-01238,PROD-00078,2,337.94,24.48
729,ORD-01071,PROD-00257,6,82.43,12.24
730,ORD-00223,PROD-00109,7,723.36,24.56
731,ORD-00062,PROD-00109,4,335.12,36.18
732,ORD-00596,PROD-00027,6,1529.87,13.07
733,ORD-00191,PROD-00236,3,1655.95,42.34
734,ORD-01383,PROD-00093,6,1869.15,28.13
735,ORD-00740,PROD-00209,4,697.13,28.48
736,ORD-00616,PROD-00061,2,2478.92,10.2
737,ORD-00725,PROD-00195,5,2169.67,12.26
738,ORD-01289,PROD-00066,1,836.28,41.87
739,ORD-01448,PROD-00033,4,579.46,26.83
740,ORD-00412,PROD-00119,1,130.4,1.67
741,ORD-00324,PROD-00062,3,1092.84,14.94
742,ORD-01372,PROD-00086,6,874.25,16.17
743,ORD-00777,PROD-00014,5,1347.45,16.81
744,ORD-00365,PROD-00107,6,839.7,28.25
745,ORD-01196,PROD-00100,6,2298.44,8.98
746,ORD-01349,PROD-00192,1,2028.12,5.03
747,ORD-00415,PROD-00152,7,1623.12,41.55
748,ORD-00490,PROD-00201,5,1771.63,23.61
749,ORD-01146,PROD-00194,-2,234.9,30.54
750,ORD-00216,PROD-00221,3,131.02,21.66
751,ORD-99999,PROD-00123,7,1119.38,120.96
752,ORD-00013,PROD-00143,4,2059.86,32.2
753,ORD-00567,PROD-00217,3,1670.18,20.83
754,ORD-01388,PROD-00177,4,226.03,26.33
755,ORD-01415,PROD-00169,2,806.03,31.22
756,ORD-00971,PROD-00051,2,1331.83,11.74
757,ORD-00595,PROD-00174,5,261.03,24.26
758,ORD-00504,PROD-00007,1,600.3,43.44
759,ORD-00338,PROD-00045,5,2055.93,5.53
760,ORD-00540,PROD-00028,4,2301.02,41.96
761,ORD-00450,PROD-00151,2,1500.51,27.79
762,ORD-01478,PROD-00071,5,1486.53,34.82
763,ORD-00875,PROD-00189,5,2333.84,32.37
764,ORD-01347,PROD-00081,5,1481.87,42.5
765,ORD-01073,PROD-00100,5,375.86,15.38
766,ORD-00199,PROD-00148,7,844.19,40.69
767,ORD-00737,PROD-00029,2,981.97,14.62
768,ORD-00242,PROD-00082,6,979.13,26.82
769,ORD-00138,PROD-00001,4,1307.58,14.55
770,ORD-01026,PROD-00094,3,329.19,32.43
771,ORD-00569,PROD-00242,0,2463.38,18.59
772,ORD-01372,PROD-00226,7,1224.1,36.22
773,ORD-00242,PROD-00190,7,1471.7,21.48
774,ORD-00136,PROD-00165,6,1991.06,28.55
775,ORD-01284,PROD-00095,4,2058.55,1.39
776,ORD-01148,PROD-00070,1,1139.66,3.36
777,ORD-00264,PROD-00050,7,162.14,44.37
778,ORD-00980,PROD-00200,6,1534.84,28.72
779,ORD-01259,PROD-00159,4,2416.52,41.19
780,ORD-00008,PROD-00210,1,551.87,4.62
781,ORD-00900,PROD-00145,5,1308.67,7.65
782,ORD-01333,PROD-00113,5,2075.19,39.17
783,ORD-00095,PROD-00112,-5,2164.84,21.51
784,ORD-00186,PROD-00211,7,1410.44,38.81
785,ORD-01273,PROD-00154,4,1873.77,31.39
786,ORD-00948,PROD-00006,6,1890.88,28.53
787,ORD-01408,PROD-00280,4,2214.06,11.69
788,ORD-01346,PROD-00045,5,1560.95,13.4
789,ORD-00953,PROD-00203,3,1064.25,38.02
790,ORD-01195,PROD-00142,4,1504.18,0.7
791,ORD-00519,PROD-00111,3,1482.78,42.32
792,ORD-00755,PROD-00094,7,1122.81,8.11
793,ORD-00959,PROD-00025,4,742.57,25.79
794,ORD-00470,PROD-00060,5,348.21,28.24
795,ORD-01423,PROD-00134,3,2238.63,30.43
796,ORD-01373,PROD-00192,6,609.19,2.76
797,ORD-01362,PROD-00261,4,119.19,9.69
798,ORD-00474,PROD-00235,6,2216.2,37.54
799,ORD-00427,PROD-00133,4,397.11,6.64
800,ORD-00897,PROD-00011,7,852.81,18.93
801,ORD-00498,PROD-99999,5,1327.65,23.18
802,ORD-00854,PROD-00076,1,201.8,7.06
803,ORD-00819,PROD-00138,4,1484.25,11.55
804,ORD-00265,PROD-00108,4,1454.29,1.45
805,ORD-00835,PROD-00248,6,634.51,16.02
806,ORD-01154,PROD-00293,7,630.35,20.78
807,ORD-00716,PROD-00122,1,1424.38,15.45
808,ORD-00859,PROD-00254,6,646.17,16.23
809,ORD-00252,PROD-00062,4,971.37,0.81
810,ORD-01308,PROD-00160,7,2220.57,41.19
811,ORD-00164,PROD-00143,6,101.84,16.66
812,ORD-00274,PROD-00099,1,2372.34,17.66
813,ORD-00905,PROD-00287,7,1443.78,37.08
814,ORD-01480,PROD-00298,1,1295.07,4.29
815,ORD-01231,PROD-00113,7,1911.86,29.68
816,ORD-01145,PROD-00266,3,273.87,8.8
817,ORD-01174,PROD-00276,-2,1579.11,21.85
818,ORD-00577,PROD-00287,5,564.67,7.4
819,ORD-00228,PROD-00158,5,1566.07,26.82
820,ORD-00028,PROD-00040,2,2459.11,17.27
821,ORD-01276,PROD-00138,2,1021.09,9.71
822,ORD-01476,PROD-00098,1,506.0,40.66
823,ORD-00299,PROD-00041,1,240.95,1.44
824,ORD-00865,PROD-00064,1,2211.57,23.29
825,ORD-01472,PROD-00016,3,1775.01,32.0
826,ORD-01479,PROD-00196,0,641.27,23.41
827,ORD-01440,PROD-00152,5,1483.19,19.65
828,ORD-01299,PROD-00185,5,1874.62,44.62
829,ORD-00708,PROD-00183,2,1190.35,18.93
830,ORD-00953,PROD-00252,5,1928.75,19.37
831,ORD-00300,PROD-00285,1,1603.55,25.84
832,ORD-00038,PROD-00098,2,646.77,35.42
833,ORD-01416,PROD-00047,5,1960.03,37.88
834,ORD-00367,PROD-00206,5,2144.15,21.45
835,ORD-00854,PROD-00292,1,752.85,25.71
836,ORD-01117,PROD-00156,4,1011.21,2.82
837,ORD-01468,PROD-00197,1,102.58,21.53
838,ORD-01499,PROD-00259,6,1774.89,20.77
839,ORD-00952,PROD-00198,7,200.97,29.65
840,ORD-00387,PROD-00088,5,234.11,24.29
841,ORD-00448,PROD-00298,1,736.14,44.82
842,ORD-00786,PROD-00250,2,2436.31,32.89
843,ORD-01010,PROD-00039,3,1044.8,26.45
844,ORD-00960,PROD-00275,6,531.01,10.29
845,ORD-01243,PROD-00081,6,1944.81,3.39
846,ORD-00831,PROD-00251,4,2167.51,27.04
847,ORD-00753,PROD-00226,5,115.52,7.6
848,ORD-00831,PROD-00030,4,1208.74,10.49
849,ORD-00829,PROD-00265,5,863.71,21.69
850,ORD-01356,PROD-00159,6,2479.45,14.54
851,ORD-01163,PROD-00096,-3,2471.73,10.81
852,ORD-00159,PROD-00295,2,1730.81,28.32
853,ORD-00087,PROD-00160,3,576.56,8.79
854,ORD-00021,PROD-00117,6,174.17,17.59
855,ORD-00193,PROD-00174,5,1442.41,26.86
856,ORD-00177,PROD-00120,1,1837.12,11.21
857,ORD-01428,PROD-00160,7,1610.88,10.37
858,ORD-01447,PROD-00067,4,1671.08,4.27
859,ORD-00272,PROD-00195,4,1188.64,43.4
860,ORD-00445,PROD-00129,3,148.48,23.89
861,ORD-01338,PROD-00159,1,1954.15,1.75
862,ORD-00134,PROD-00213,7,1996.84,19.7
863,ORD-01418,PROD-00167,6,1767.56,26.91
864,ORD-00574,PROD-00067,3,2137.9,12.97
865,ORD-00295,PROD-00084,3,788.0,9.98
866,ORD-01333,PROD-00027,3,415.33,43.57
867,ORD-00625,PROD-00097,4,2115.48,12.43
868,ORD-01336,PROD-00265,1,1344.86,36.47
869,ORD-00553,PROD-00292,4,2312.37,0.23
870,ORD-01046,PROD-00233,2,2238.54,17.79
871,ORD-00834,PROD-00164,2,714.74,24.68
872,ORD-01067,PROD-00007,4,1461.73,15.46
873,ORD-00549,PROD-00196,2,416.03,43.6
874,ORD-00818,PROD-00121,1,476.86,25.61
875,ORD-00037,PROD-00278,3,175.44,39.97
876,ORD-99999,PROD-00079,3,1701.64,11.32
877,ORD-00207,PROD-00067,5,921.55,20.1
878,ORD-00899,PROD-00164,4,67.49,31.35
879,ORD-00753,PROD-00231,6,1256.6,15.96
880,ORD-00109,PROD-00067,6,213.35,27.44
881,ORD-00348,PROD-00113,0,1976.71,6.87
882,ORD-00677,PROD-00168,7,1909.95,44.8
883,ORD-00191,PROD-00192,6,1462.28,42.09
884,ORD-00799,PROD-00147,1,2056.95,41.95
885,ORD-00899,PROD-00082,-5,1235.38,7.58
886,ORD-01119,PROD-00034,4,1452.32,28.9
887,ORD-00939,PROD-00048,3,519.81,16.33
888,ORD-01422,PROD-00002,3,2427.8,29.31
889,ORD-00450,PROD-00265,7,1193.45,13.12
890,ORD-00083,PROD-00108,1,758.06,38.71
891,ORD-01268,PROD-00112,6,2225.79,6.86
892,ORD-00015,PROD-00249,1,196.41,38.78
893,ORD-01425,PROD-00207,6,798.47,44.54
894,ORD-00809,PROD-00098,7,767.94,37.2
895,ORD-00793,PROD-00058,7,562.87,19.62
896,ORD-00191,PROD-00167,6,2458.96,37.43
897,ORD-01247,PROD-00063,4,2368.9,9.15
898,ORD-00704,PROD-00258,1,623.79,6.24
899,ORD-00540,PROD-00252,4,1084.87,36.68
900,ORD-01428,PROD-00119,6,1052.54,36.73
901,ORD-01129,PROD-99999,3,263.46,150.66
902,ORD-01241,PROD-00053,7,2187.92,21.87
903,ORD-01240,PROD-00281,2,975.93,30.45
904,ORD-01457,PROD-00135,1,1632.09,23.6
905,ORD-00150,PROD-00262,2,1037.18,2.65
906,ORD-00311,PROD-00129,7,1284.16,6.1
907,ORD-00131,PROD-00073,3,366.33,1.81
908,ORD-01451,PROD-00292,1,1687.92,19.18
909,ORD-00482,PROD-00001,5,2010.24,21.28
910,ORD-00553,PROD-00070,1,1377.19,30.07
911,ORD-00623,PROD-00152,4,1572.68,38.14
912,ORD-00123,PROD-00142,2,368.33,34.52
913,ORD-00563,PROD-00286,7,776.05,39.89
914,ORD-00647,PROD-00056,3,465.66,14.76
915,ORD-01369,PROD-00259,5,220.64,11.27
916,ORD-00893,PROD-00239,6,673.63,17.94
917,ORD-01339,PROD-00144,6,1864.58,26.04
918,ORD-00165,PROD-00025,7,1255.57,41.13
919,ORD-00735,PROD-00036,-5,1056.08,38.06
920,ORD-01420,PROD-00104,1,669.27,43.63
921,ORD-00768,PROD-00182,3,394.5,28.32
922,ORD-00728,PROD-00040,5,2342.74,38.78
923,ORD-00130,PROD-00177,3,2046.68,34.16
924,ORD-00993,PROD-00240,1,2200.22,3.63
925,ORD-01140,PROD-00215,1,1866.41,32.55
926,ORD-01484,PROD-00185,4,691.98,7.78
927,ORD-01492,PROD-00292,4,223.27,36.71
928,ORD-00258,PROD-00029,6,917.39,36.07
929,ORD-00291,PROD-00265,4,1850.15,19.48
930,ORD-01006,PROD-00158,7,1916.47,6.2
931,ORD-00037,PROD-00282,5,1736.06,32.71
932,ORD-00405,PROD-00200,6,98.76,33.65
933,ORD-01206,PROD-00117,3,555.12,17.77
934,ORD-00539,PROD-00099,6,957.72,27.68
935,ORD-00473,PROD-00280,5,1225.05,2.99
936,ORD-00805,PROD-00213,0,1511.94,38.16
937,ORD-01080,PROD-00254,6,839.37,4.39
938,ORD-00737,PROD-00289,1,2297.48,16.94
939,ORD-00388,PROD-00293,7,307.24,11.33
940,ORD-00444,PROD-00254,7,541.27,23.05
941,ORD-00076,PROD-00044,4,943.11,4.1
942,ORD-00744,PROD-00281,6,2319.49,1.83
943,ORD-00645,PROD-00105,2,1269.08,10.4
944,ORD-00940,PROD-00017,3,1020.1,17.86
945,ORD-00916,PROD-00293,7,1523.87,2.39
946,ORD-01484,PROD-00284,4,276.15,15.21
947,ORD-00588,PROD-00228,7,941.96,44.96
948,ORD-01020,PROD-00217,3,441.31,34.18
949,ORD-00811,PROD-00281,3,1610.23,39.88
950,ORD-00553,PROD-00010,7,670.8,41.25
951,ORD-00941,PROD-00198,2,2370.05,21.02
952,ORD-00208,PROD-00294,3,2230.55,2.66
953,ORD-00865,PROD-00154,-2,1357.63,4.58
954,ORD-01112,PROD-00231,4,1926.45,44.58
955,ORD-00954,PROD-00141,6,568.28,4.29
956,ORD-00553,PROD-00079,5,123.29,22.47
957,ORD-00429,PROD-00041,2,599.57,23.1
958,ORD-00726,PROD-00177,6,2444.38,43.9
959,ORD-01429,PROD-00066,5,578.23,23.71
960,ORD-00218,PROD-00263,4,506.9,12.94
961,ORD-00908,PROD-00186,7,1690.82,38.3
962,ORD-01310,PROD-00120,2,1321.08,20.16
963,ORD-00013,PROD-00160,2,588.71,20.22
964,ORD-00751,PROD-00076,4,694.0,34.87
965,ORD-00783,PROD-00291,7,564.75,23.39
966,ORD-01067,PROD-00050,6,1851.79,35.87
967,ORD-00741,PROD-00297,5,1661.75,27.46
968,ORD-00464,PROD-00099,5,1796.78,3.73
969,ORD-00599,PROD-00087,6,2423.09,3.77
970,ORD-01139,PROD-00082,4,2255.79,36.75
971,ORD-00367,PROD-00168,7,101.64,8.05
972,ORD-01057,PROD-00027,5,2160.67,15.91
973,ORD-00873,PROD-00299,6,1956.07,7.43
974,ORD-00114,PROD-00226,3,130.93,41.67
975,ORD-00034,PROD-00256,5,1514.69,31.02
976,ORD-00940,PROD-00245,2,101.9,32.91
977,ORD-01280,PROD-00003,4,1363.28,3.05
978,ORD-00480,PROD-00059,2,2173.21,8.61
979,ORD-01273,PROD-00174,5,2079.25,9.83
980,ORD-00365,PROD-00002,3,738.78,7.18
981,ORD-00557,PROD-00068,2,1494.67,27.9
982,ORD-00667,PROD-00074,5,2372.15,20.68
983,ORD-00395,PROD-00168,7,607.35,11.74
984,ORD-01122,PROD-00187,7,1792.06,40.24
985,ORD-00752,PROD-00091,3,1470.92,14.93
986,ORD-01273,PROD-00246,7,1052.88,10.85
987,ORD-01076,PROD-00282,-4,1293.74,7.45
988,ORD-01386,PROD-00210,4,158.53,9.99
989,ORD-01450,PROD-00196,7,1936.51,40.7
990,ORD-00634,PROD-00192,5,1007.12,27.91
991,ORD-01174,PROD-00043,0,2142.46,17.94
992,ORD-01199,PROD-00123,6,326.31,15.0
993,ORD-00312,PROD-00151,3,418.06,34.43
994,ORD-00023,PROD-00138,7,1479.23,24.72
995,ORD-00246,PROD-00133,1,356.2,8.09
996,ORD-00776,PROD-00165,1,550.37,14.24
997,ORD-00126,PROD-00027,6,500.21,37.6
998,ORD-00825,PROD-00179,1,2178.18,27.95
999,ORD-00269,PROD-00248,1,188.42,27.59
1000,ORD-00132,PROD-00165,1,2137.16,6.71
1001,ORD-99999,PROD-99999,2,1156.27,4.76
1002,ORD-00738,PROD-00208,3,1649.58,32.09
1003,ORD-01412,PROD-00293,2,1975.44,19.94
1004,ORD-01111,PROD-00171,4,334.12,6.93
1005,ORD-00454,PROD-00041,5,1595.15,43.88
1006,ORD-01114,PROD-00016,2,573.26,40.55
1007,ORD-00143,PROD-00194,2,589.06,3.88
1008,ORD-01149,PROD-00161,3,1275.58,23.34
1009,ORD-01212,PROD-00179,5,1237.78,4.31
1010,ORD-00903,PROD-00070,4,2153.82,33.34
1011,ORD-01357,PROD-00260,3,524.81,16.35
1012,ORD-00928,PROD-00162,7,68.55,6.93
1013,ORD-00231,PROD-00238,5,2421.47,38.61
1014,ORD-00594,PROD-00142,2,1560.86,34.6
1015,ORD-00802,PROD-00281,6,1389.51,25.26
1016,ORD-00612,PROD-00168,5,1724.54,20.18
1017,ORD-00480,PROD-00195,6,465.43,14.51
1018,ORD-01038,PROD-00202,7,1094.32,15.83
1019,ORD-00364,PROD-00268,6,2048.55,26.17
1020,ORD-00517,PROD-00002,1,366.11,42.52
1021,ORD-00202,PROD-00094,-4,161.38,30.02
1022,ORD-01200,PROD-00044,6,1414.12,17.91
1023,ORD-00904,PROD-00049,7,2462.63,7.13
1024,ORD-00032,PROD-00066,3,1191.03,2.25
1025,ORD-01466,PROD-00072,1,758.65,39.84
1026,ORD-00765,PROD-00229,5,510.87,10.11
1027,ORD-01113,PROD-00182,7,170.74,33.25
1028,ORD-00645,PROD-00039,3,1584.45,14.98
1029,ORD-00586,PROD-00010,1,764.37,18.9
1030,ORD-01348,PROD-00204,6,1399.4,20.54
1031,ORD-01197,PROD-00161,4,2351.81,43.62
1032,ORD-00944,PROD-00082,1,895.0,27.62
1033,ORD-01365,PROD-00059,4,289.74,14.78
1034,ORD-01178,PROD-00297,7,1965.06,40.84
1035,ORD-00924,PROD-00019,1,2117.39,28.96
1036,ORD-00605,PROD-00235,5,785.69,7.39
1037,ORD-00244,PROD-00019,6,1218.39,17.73
1038,ORD-00347,PROD-00261,3,719.25,43.4
1039,ORD-00699,PROD-00275,6,1116.71,44.35
1040,ORD-01072,PROD-00289,3,2243.13,35.48
1041,ORD-01463,PROD-00075,3,1444.21,34.76
1042,ORD-01236,PROD-00247,7,1436.91,22.83
1043,ORD-00030,PROD-00044,1,2083.76,14.93
1044,ORD-01374,PROD-00206,2,244.11,35.94
1045,ORD-00100,PROD-00098,2,1888.61,15.05
1046,ORD-01111,PROD-00161,0,1618.7,31.77
1047,ORD-00390,PROD-00134,2,802.09,25.47
1048,ORD-01346,PROD-00201,2,1439.87,7.78
1049,ORD-01140,PROD-00180,4,113.78,30.7
1050,ORD-00225,PROD-00164,3,1441.84,22.27
1051,ORD-00616,PROD-00202,4,2062.43,162.33
1052,ORD-00665,PROD-00056,4,2208.62,25.43
1053,ORD-01403,PROD-00233,5,1966.72,31.86
1054,ORD-01320,PROD-00057,1,1220.06,23.87
1055,ORD-01241,PROD-00286,-5,2393.71,23.26
1056,ORD-01402,PROD-00005,1,1304.01,37.15
1057,ORD-01422,PROD-00254,2,218.44,5.88
1058,ORD-00266,PROD-00184,4,1000.71,28.1
1059,ORD-00492,PROD-00196,1,1086.92,28.8
1060,ORD-01268,PROD-00168,1,1278.46,39.35
1061,ORD-00501,PROD-00172,4,997.09,34.67
1062,ORD-01170,PROD-00188,5,817.13,11.04
1063,ORD-00904,PROD-00211,5,2339.43,33.97
1064,ORD-00495,PROD-00083,2,1330.68,12.88
1065,ORD-00830,PROD-00203,4,503.68,42.64
1066,ORD-01343,PROD-00284,2,826.03,28.69
1067,ORD-01336,PROD-00017,2,1876.21,13.87
1068,ORD-00598,PROD-00280,3,2351.82,20.55
1069,ORD-00528,PROD-00049,2,500.41,16.73
1070,ORD-01086,PROD-00252,5,1810.92,42.77
1071,ORD-00602,PROD-00009,1,2112.74,40.36
1072,ORD-00800,PROD-00073,7,685.53,27.95
1073,ORD-00835,PROD-00033,2,2481.52,39.87
1074,ORD-00015,PROD-00062,5,916.21,25.23
1075,ORD-01031,PROD-00096,1,1012.15,1.05
1076,ORD-00219,PROD-00284,2,641.23,44.55
1077,ORD-00796,PROD-00115,5,168.94,9.5
1078,ORD-00030,PROD-00056,1,464.76,43.36
1079,ORD-00962,PROD-00019,3,332.58,43.09
1080,ORD-00058,PROD-00069,6,371.8,43.81
1081,ORD-01242,PROD-00254,7,1850.96,17.15
1082,ORD-00553,PROD-00104,2,2291.21,23.97
1083,ORD-00566,PROD-00174,4,448.01,22.3
1084,ORD-00617,PROD-00002,1,889.55,38.87
1085,ORD-00359,PROD-00199,4,1094.58,24.72
1086,ORD-00537,PROD-00254,7,440.54,19.21
1087,ORD-00648,PROD-00043,3,1927.66,21.78
1088,ORD-00453,PROD-00086,3,947.14,19.41
1089,ORD-00959,PROD-00035,-1,947.32,16.69
1090,ORD-00703,PROD-00047,2,2232.91,3.72
1091,ORD-01355,PROD-00116,4,1715.38,25.94
1092,ORD-01048,PROD-00243,6,942.5,18.96
1093,ORD-00093,PROD-00049,7,691.2,29.35
1094,ORD-00008,PROD-00020,3,1158.43,3.29
1095,ORD-00432,PROD-00041,1,2089.61,22.0
1096,ORD-00576,PROD-00134,7,1940.65,42.07
1097,ORD-00785,PROD-00252,1,1288.69,17.53
1098,ORD-01307,PROD-00002,5,1131.47,8.49
1099,ORD-00151,PROD-00295,1,271.47,18.68
1100,ORD-01277,PROD-00127,1,1285.75,32.83
1101,ORD-00688,PROD-99999,0,1365.2,34.54
1102,ORD-00696,PROD-00050,4,822.53,15.78
1103,ORD-01360,PROD-00253,6,2129.96,12.61
1104,ORD-00348,PROD-00226,1,1499.74,25.4
1105,ORD-01065,PROD-00211,2,493.87,17.53
1106,ORD-01479,PROD-00202,6,106.93,28.51
1107,ORD-00372,PROD-00021,6,2177.46,11.46
1108,ORD-00321,PROD-00165,2,733.76,30.16
1109,ORD-01440,PROD-00072,3,1173.62,6.3
1110,ORD-00469,PROD-00046,5,2088.39,25.7
1111,ORD-00539,PROD-00147,5,925.15,42.24
1112,ORD-01099,PROD-00269,5,138.3,17.27
1113,ORD-00666,PROD-00219,5,146.77,13.36
1114,ORD-01152,PROD-00031,1,1116.37,37.44
1115,ORD-00699,PROD-00270,6,1846.45,41.31
1116,ORD-01319,PROD-00222,3,2071.71,38.67
1117,ORD-00166,PROD-00111,2,1542.78,23.42
1118,ORD-00971,PROD-00027,3,824.75,21.76
1119,ORD-01348,PROD-00035,3,1351.11,39.69
1120,ORD-00458,PROD-00251,1,2291.22,0.57
1121,ORD-01087,PROD-00196,1,1215.68,44.38
1122,ORD-00472,PROD-00157,2,1551.32,34.75
1123,ORD-00383,PROD-00141,-1,2467.24,16.25
1124,ORD-00123,PROD-00096,2,1046.79,33.09
1125,ORD-00766,PROD-00051,1,434.63,42.57
1126,ORD-99999,PROD-00054,1,1110.66,21.88
1127,ORD-00384,PROD-00203,7,1852.17,41.4
1128,ORD-00401,PROD-00067,2,2310.81,31.22
1129,ORD-01356,PROD-00084,4,341.32,21.95
1130,ORD-00510,PROD-00174,6,1075.44,40.42
1131,ORD-00539,PROD-00205,1,286.38,27.86
1132,ORD-00698,PROD-00247,1,1621.44,37.69
1133,ORD-01001,PROD-00079,3,2185.82,24.14
1134,ORD-01129,PROD-00265,5,2344.17,42.36
1135,ORD-01216,PROD-00121,2,2101.85,26.2
1136,ORD-00720,PROD-00175,4,2224.09,3.04
1137,ORD-01493,PROD-00141,5,2182.68,42.91
1138,ORD-01046,PROD-00144,1,1779.89,26.35
1139,ORD-00407,PROD-00283,5,238.98,36.18
1140,ORD-01269,PROD-00296,3,392.21,32.0
1141,ORD-00746,PROD-00210,4,2118.15,24.06
1142,ORD-00529,PROD-00048,5,1111.74,15.92
1143,ORD-00245,PROD-00073,2,985.84,6.28
1144,ORD-00630,PROD-00087,5,2303.11,44.6
1145,ORD-00905,PROD-00019,6,2379.1,18.9
1146,ORD-01376,PROD-00100,2,1392.1,32.92
1147,ORD-00292,PROD-00242,2,91.55,34.06
1148,ORD-00858,PROD-00021,6,2142.41,23.55
1149,ORD-00590,PROD-00237,5,1220.71,34.24
1150,ORD-01161,PROD-00119,7,1016.76,38.59
1151,ORD-01196,PROD-00073,5,2213.6,15.73
1152,ORD-01357,PROD-00158,2,1897.48,25.84
1153,ORD-01042,PROD-00108,4,201.49,9.45
1154,ORD-00698,PROD-00099,2,1357.55,26.09
1155,ORD-01475,PROD-00181,6,1179.0,14.54
1156,ORD-00195,PROD-00162,0,2336.56,6.18
1157,ORD-00474,PROD-00167,-3,2427.31,1.67
1158,ORD-01012,PROD-00257,5,1212.9,12.47
1159,ORD-00502,PROD-00090,6,2431.64,26.48
1160,ORD-00348,PROD-00182,4,2389.69,19.81
1161,ORD-00179,PROD-00062,7,614.9,44.91
1162,ORD-00415,PROD-00196,1,426.75,6.78
1163,ORD-01139,PROD-00037,2,1234.77,22.93
1164,ORD-00164,PROD-00186,4,2328.02,24.63
1165,ORD-00228,PROD-00228,6,2362.65,42.78
1166,ORD-00123,PROD-00107,6,490.47,11.35
1167,ORD-00825,PROD-00025,4,2266.62,33.68
1168,ORD-00108,PROD-00156,1,283.06,1.14
1169,ORD-01483,PROD-00037,4,909.29,12.95
1170,ORD-00002,PROD-00020,4,1970.59,23.54
1171,ORD-01488,PROD-00077,1,1778.64,44.24
1172,ORD-00153,PROD-00287,6,506.8,43.02
1173,ORD-00539,PROD-00193,6,819.42,8.35
1174,ORD-01490,PROD-00014,3,925.87,24.48
1175,ORD-01082,PROD-00273,6,2172.77,2.81
1176,ORD-01481,PROD-00124,6,559.84,16.05
1177,ORD-00036,PROD-00086,4,419.62,2.29
1178,ORD-00990,PROD-00088,4,370.21,36.95
1179,ORD-00550,PROD-00114,5,1790.31,30.7
1180,ORD-00322,PROD-00135,4,1443.94,13.07
1181,ORD-01005,PROD-00222,1,829.09,35.15
1182,ORD-00574,PROD-00122,1,1964.49,30.55
1183,ORD-00271,PROD-00184,1,1205.63,1.49
1184,ORD-00322,PROD-00116,1,2010.78,28.91
1185,ORD-00449,PROD-00247,2,486.95,9.79
1186,ORD-00495,PROD-00051,2,1537.27,37.27
1187,ORD-01264,PROD-00056,3,2382.56,44.9
1188,ORD-00989,PROD-00166,2,1428.39,24.49
1189,ORD-00112,PROD-00221,5,2468.06,37.64
1190,ORD-00333,PROD-00148,5,1183.39,37.24
1191,ORD-01371,PROD-00244,-4,91.93,6.28
1192,ORD-00613,PROD-00078,7,747.71,11.1
1193,ORD-00564,PROD-00141,1,1541.51,17.85
1194,ORD-00755,PROD-00196,4,158.66,38.89
1195,ORD-00388,PROD-00170,4,1258.31,32.77
1196,ORD-00833,PROD-00261,5,1741.32,25.71
1197,ORD-00237,PROD-00182,2,170.68,34.15
1198,ORD-00834,PROD-00088,5,1861.03,22.3
1199,ORD-00603,PROD-00255,6,2070.61,39.68
1200,ORD-01484,PROD-00091,1,1086.48,27.66
1201,ORD-01076,PROD-99999,3,1695.36,170.01
1202,ORD-00470,PROD-00139,5,880.6,22.38
1203,ORD-01160,PROD-00248,4,786.8,31.67
1204,ORD-00167,PROD-00052,7,770.72,29.35
1205,ORD-00304,PROD-00019,4,71.1,30.14
1206,ORD-01072,PROD-00056,4,2161.61,42.7
1207,ORD-00765,PROD-00200,2,345.94,34.86
1208,ORD-00736,PROD-00170,7,2498.17,39.59
1209,ORD-00764,PROD-00123,4,1779.2,36.1
1210,ORD-01160,PROD-00017,4,2189.85,19.89
1211,ORD-01079,PROD-00237,0,1848.84,32.33
1212,ORD-00158,PROD-00142,3,1826.93,21.03
1213,ORD-01426,PROD-00027,3,1738.56,2.87
1214,ORD-00099,PROD-00202,2,2379.78,44.26
1215,ORD-01213,PROD-00120,5,560.01,42.03
1216,ORD-00756,PROD-00267,7,385.75,0.73
1217,ORD-01322,PROD-00279,1,2494.2,16.18
1218,ORD-01239,PROD-00110,7,1011.46,15.15
1219,ORD-00957,PROD-00090,6,1617.38,22.59
1220,ORD-01361,PROD-00045,1,1141.41,44.27
1221,ORD-01411,PROD-00007,6,217.23,38.06
1222,ORD-01417,PROD-00276,7,2468.92,42.35
1223,ORD-01002,PROD-00191,7,75.02,11.64
1224,ORD-00407,PROD-00240,7,2488.06,30.93
1225,ORD-00530,PROD-00160,-4,866.51,12.96
1226,ORD-01119,PROD-00147,3,405.0,12.2
1227,ORD-01296,PROD-00062,6,1734.69,18.12
1228,ORD-00497,PROD-00244,6,581.68,7.5
1229,ORD-00577,PROD-00149,3,193.53,26.24
1230,ORD-00517,PROD-00119,6,711.35,1.31
1231,ORD-00886,PROD-00074,5,531.13,40.79
1232,ORD-00951,PROD-00130,4,733.41,28.16
1233,ORD-00900,PROD-00047,7,279.87,35.34
1234,ORD-01407,PROD-00145,3,834.17,34.37
1235,ORD-00659,PROD-00015,6,80.94,5.8
1236,ORD-01484,PROD-00091,1,630.17,29.02
1237,ORD-00279,PROD-00036,6,2327.95,4.45
1238,ORD-01387,PROD-00131,2,2121.37,16.72
1239,ORD-00319,PROD-00123,7,1885.57,15.94
1240,ORD-00083,PROD-00206,4,1820.35,33.37
1241,ORD-00344,PROD-00209,1,398.1,26.49
1242,ORD-01030,PROD-00036,2,1429.4,28.95
1243,ORD-00718,PROD-00246,3,981.99,34.63
1244,ORD-01047,PROD-00018,1,1638.43,0.79
1245,ORD-01443,PROD-00023,2,1125.82,29.59
1246,ORD-00623,PROD-00060,1,407.89,36.89
1247,ORD-00391,PROD-00234,7,2360.59,22.19
1248,ORD-00940,PROD-00163,1,2053.48,20.32
1249,ORD-01181,PROD-00150,6,430.34,44.63
1250,ORD-00260,PROD-00116,3,112.2,18.62
1251,ORD-99999,PROD-00255,6,478.56,40.76
1252,ORD-01168,PROD-00295,7,979.21,30.0
1253,ORD-00016,PROD-00143,2,2447.96,19.82
1254,ORD-00490,PROD-00104,2,902.53,15.15
1255,ORD-00069,PROD-00029,7,278.12,1.93
1256,ORD-00450,PROD-00150,5,779.77,10.77
1257,ORD-00547,PROD-00264,7,959.07,20.17
1258,ORD-00202,PROD-00005,1,445.11,1.3
1259,ORD-00613,PROD-00239,-1,1098.97,27.0
1260,ORD-00678,PROD-00106,5,1932.66,19.54
1261,ORD-00409,PROD-00215,2,1102.23,22.26
1262,ORD-00555,PROD-00217,5,268.64,12.96
1263,ORD-00533,PROD-00253,7,1966.34,26.26
1264,ORD-00413,PROD-00248,3,202.43,41.57
1265,ORD-01419,PROD-00104,3,996.03,5.53
1266,ORD-01200,PROD-00009,0,396.04,15.58
1267,ORD-01382,PROD-00103,6,299.64,10.62
1268,ORD-01448,PROD-00067,6,2358.4,42.5
1269,ORD-00895,PROD-00280,7,1057.29,2.75
1270,ORD-00120,PROD-00192,6,2429.81,37.84
1271,ORD-00706,PROD-00081,7,1275.35,36.8
1272,ORD-00501,PROD-00245,4,879.21,39.33
1273,ORD-01427,PROD-00072,4,75.24,8.19
1274,ORD-00482,PROD-00150,5,1622.16,29.07
1275,ORD-00931,PROD-00215,3,1403.25,12.54
1276,ORD-01464,PROD-00128,6,845.44,14.33
1277,ORD-00499,PROD-00218,7,2303.75,4.57
1278,ORD-00220,PROD-00133,1,2026.14,41.29
1279,ORD-01268,PROD-00016,4,2031.72,0.21
1280,ORD-01408,PROD-00143,5,1340.31,17.44
1281,ORD-01360,PROD-00047,5,2197.44,17.98
1282,ORD-01408,PROD-00188,7,1707.91,16.06
1283,ORD-01203,PROD-00018,5,340.25,37.47
1284,ORD-00835,PROD-00173,7,47.89,22.9
1285,ORD-00554,PROD-00093,2,833.31,31.38
1286,ORD-00235,PROD-00056,3,1963.0,43.87
1287,ORD-00245,PROD-00234,3,804.39,9.33
1288,ORD-00167,PROD-00058,4,1996.07,20.24
1289,ORD-00462,PROD-00260,5,1633.56,21.18
1290,ORD-01295,PROD-00160,7,1312.42,19.05
1291,ORD-00093,PROD-00206,6,2369.45,39.62
1292,ORD-00542,PROD-00259,3,2401.72,43.69
1293,ORD-01117,PROD-00182,-2,111.4,33.2
1294,ORD-01203,PROD-00187,2,1285.55,5.12
1295,ORD-01176,PROD-00246,5,768.24,26.14
1296,ORD-01234,PROD-00172,2,1247.08,1.32
1297,ORD-01039,PROD-00215,5,397.56,28.37
1298,ORD-01082,PROD-00174,4,323.04,35.26
1299,ORD-00689,PROD-00257,2,1851.36,18.63
1300,ORD-01266,PROD-00209,3,1731.19,10.69
1301,ORD-00768,PROD-99999,2,1236.2,29.79
1302,ORD-01251,PROD-00225,1,1799.87,42.16
1303,ORD-00203,PROD-00116,3,963.17,6.5
1304,ORD-01437,PROD-00043,5,1720.14,18.46
1305,ORD-00264,PROD-00091,5,1793.2,1.82
1306,ORD-00088,PROD-00008,1,207.3,27.55
1307,ORD-01084,PROD-00069,6,973.62,17.43
1308,ORD-01163,PROD-00133,1,694.26,30.0
1309,ORD-01198,PROD-00176,6,1044.9,36.83
1310,ORD-00419,PROD-00189,3,2195.34,38.93
1311,ORD-00216,PROD-00043,4,2278.22,0.76
1312,ORD-00030,PROD-00051,7,2275.65,26.98
1313,ORD-00293,PROD-00132,3,191.58,42.67
1314,ORD-01339,PROD-00210,6,1064.59,8.42
1315,ORD-01170,PROD-00033,4,475.59,2.37
1316,ORD-00206,PROD-00088,2,2428.24,11.37
1317,ORD-00105,PROD-00222,2,1580.18,11.11
1318,ORD-01130,PROD-00235,4,1969.27,44.24
1319,ORD-00677,PROD-00033,6,1269.65,8.23
1320,ORD-00848,PROD-00246,2,1771.67,37.17
1321,ORD-00646,PROD-00025,0,1918.47,19.97
1322,ORD-00674,PROD-00079,3,2054.83,5.37
1323,ORD-00080,PROD-00088,4,690.56,6.92
1324,ORD-00850,PROD-00015,5,2000.07,0.09
1325,ORD-00231,PROD-00037,1,731.6,19.26
1326,ORD-00354,PROD-00205,5,2001.82,12.51
1327,ORD-00798,PROD-00032,-4,1688.4,42.68
1328,ORD-01093,PROD-00254,1,642.3,0.1
1329,ORD-00415,PROD-00130,6,909.7,40.35
1330,ORD-01089,PROD-00083,7,2375.53,37.69
1331,ORD-00918,PROD-00200,5,771.46,1.42
1332,ORD-01052,PROD-00265,6,713.38,10.65
1333,ORD-00183,PROD-00148,3,792.57,42.42
1334,ORD-01055,PROD-00032,4,806.97,38.42
1335,ORD-00676,PROD-00269,7,2083.55,35.33
1336,ORD-01095,PROD-00050,7,1431.22,16.69
1337,ORD-01039,PROD-00062,2,230.99,33.06
1338,ORD-00572,PROD-00156,3,1961.87,25.3
1339,ORD-00452,PROD-00157,3,986.89,37.71
1340,ORD-01481,PROD-00160,6,1377.89,21.29
1341,ORD-00271,PROD-00132,1,1022.13,6.54
1342,ORD-00295,PROD-00280,1,1832.63,8.29
1343,ORD-01042,PROD-00007,5,1254.45,33.56
1344,ORD-01207,PROD-00293,4,1958.6,36.13
1345,ORD-00923,PROD-00200,1,1399.18,28.95
1346,ORD-00387,PROD-00017,1,620.65,36.45
1347,ORD-00675,PROD-00155,3,1871.95,6.78
1348,ORD-00613,PROD-00229,4,416.03,16.81
1349,ORD-01127,PROD-00154,1,840.67,41.93
1350,ORD-00487,PROD-00020,3,979.76,14.06
1351,ORD-01039,PROD-00157,1,227.41,130.19
1352,ORD-00485,PROD-00048,7,1294.99,21.23
1353,ORD-01046,PROD-00093,1,984.73,0.83
1354,ORD-01056,PROD-00225,5,2357.86,23.04
1355,ORD-00750,PROD-00233,7,1548.79,29.69
1356,ORD-00927,PROD-00100,5,1562.5,6.57
1357,ORD-01260,PROD-00035,7,1303.0,17.01
1358,ORD-01367,PROD-00283,1,2223.73,19.18
1359,ORD-00768,PROD-00199,5,1426.04,14.42
1360,ORD-01276,PROD-00162,4,1770.13,2.33
1361,ORD-01188,PROD-00137,-1,1371.7,20.42
1362,ORD-00370,PROD-00247,1,383.32,24.27
1363,ORD-01410,PROD-00120,7,2368.51,14.07
1364,ORD-00675,PROD-00262,4,875.77,22.63
1365,ORD-00090,PROD-00025,2,1478.68,12.88
1366,ORD-00605,PROD-00200,2,452.29,42.87
1367,ORD-00556,PROD-00025,2,1475.19,12.12
1368,ORD-00030,PROD-00223,4,990.75,14.79
1369,ORD-00297,PROD-00120,3,1760.43,5.17
1370,ORD-00521,PROD-00146,5,1356.6,13.0
1371,ORD-01402,PROD-00199,1,1928.13,28.24
1372,ORD-01086,PROD-00105,5,919.43,32.12
1373,ORD-00119,PROD-00064,4,240.5,26.34
1374,ORD-00435,PROD-00048,7,2432.21,13.74
1375,ORD-00542,PROD-00094,3,2357.86,28.41
1376,ORD-99999,PROD-00030,0,710.09,25.96
1377,ORD-00515,PROD-00203,5,865.42,6.19
1378,ORD-01034,PROD-00289,3,1873.56,5.83
1379,ORD-00779,PROD-00035,6,1373.9,38.77
1380,ORD-00666,PROD-00261,4,1024.23,29.04
1381,ORD-00725,PROD-00181,5,476.82,1.93
1382,ORD-01413,PROD-00116,2,1100.89,9.11
1383,ORD-01286,PROD-00055,2,949.3,16.54
1384,ORD-01131,PROD-00208,6,1464.58,3.63
1385,ORD-01182,PROD-00191,7,1629.72,9.89
1386,ORD-00466,PROD-00085,1,300.76,4.82
1387,ORD-00830,PROD-00189,1,1414.49,27.15
1388,ORD-00656,PROD-00261,5,2299.86,28.85
1389,ORD-00896,PROD-00163,3,1636.23,36.6
1390,ORD-00759,PROD-00167,3,343.5,22.79
1391,ORD-00389,PROD-00222,1,51.58,37.24
1392,ORD-00517,PROD-00083,6,1979.72,17.41
1393,ORD-01008,PROD-00245,7,2401.06,42.98
1394,ORD-01059,PROD-00171,3,1651.57,24.07
1395,ORD-00965,PROD-00290,-4,607.92,42.23
1396,ORD-01000,PROD-00231,6,2193.23,11.25
1397,ORD-00545,PROD-00102,3,47.31,4.55
1398,ORD-00464,PROD-00273,1,115.33,43.32
1399,ORD-00021,PROD-00153,2,266.29,19.69
1400,ORD-00408,PROD-00297,6,2113.29,36.49
1401,ORD-01053,PROD-99999,3,1150.64,34.59
1402,ORD-00833,PROD-00246,3,867.78,36.62
1403,ORD-00389,PROD-00110,7,418.99,8.25
1404,ORD-00814,PROD-00225,1,2431.64,25.37
1405,ORD-00518,PROD-00009,1,1140.42,37.59
1406,ORD-00813,PROD-00014,5,448.64,12.03
1407,ORD-01473,PROD-00008,3,1745.09,1.65
1408,ORD-00060,PROD-00173,2,1716.2,11.62
1409,ORD-00209,PROD-00221,4,2289.17,3.78
1410,ORD-00170,PROD-00292,1,1974.94,8.76
1411,ORD-00917,PROD-00016,2,677.05,38.34
1412,ORD-01372,PROD-00274,5,995.23,0.72
1413,ORD-00479,PROD-00055,7,590.11,35.49
1414,ORD-00171,PROD-00116,2,1543.35,26.86
1415,ORD-00931,PROD-00260,5,1610.28,8.5
1416,ORD-00774,PROD-00297,1,2150.84,42.45
1417,ORD-01483,PROD-00069,6,806.38,42.53
1418,ORD-00531,PROD-00296,5,913.87,30.73
1419,ORD-01481,PROD-00258,4,1056.59,40.14
1420,ORD-01042,PROD-00226,1,852.09,12.42
1421,ORD-00125,PROD-00167,6,781.7,0.33
1422,ORD-01483,PROD-00294,1,580.65,2.27
1423,ORD-00693,PROD-00127,1,2205.06,32.35
1424,ORD-00970,PROD-00203,5,871.84,17.19
1425,ORD-00902,PROD-00216,7,2403.14,5.97
1426,ORD-00662,PROD-00064,1,1183.04,34.79
1427,ORD-01140,PROD-00029,6,1922.07,39.73
1428,ORD-00039,PROD-00071,7,1199.51,2.08
1429,ORD-01442,PROD-00155,-1,661.77,28.1
1430,ORD-00154,PROD-00248,4,72.54,35.97
1431,ORD-00415,PROD-00156,0,671.25,17.39
1432,ORD-00952,PROD-00198,4,1576.21,30.3
1433,ORD-00157,PROD-00149,7,1788.35,14.46
1434,ORD-00435,PROD-00093,4,2377.97,24.56
1435,ORD-00803,PROD-00226,6,768.18,41.43
1436,ORD-00177,PROD-00129,4,107.66,25.61
1437,ORD-00750,PROD-00055,5,142.92,4.08
1438,ORD-01460,PROD-00085,1,1572.84,25.92
1439,ORD-01058,PROD-00112,2,1074.45,36.55
1440,ORD-00093,PROD-00236,4,1828.89,15.9
1441,ORD-00823,PROD-00254,7,1432.58,20.75
1442,ORD-00030,PROD-00177,7,469.69,41.11
1443,ORD-01184,PROD-00186,2,1693.21,4.09
1444,ORD-01448,PROD-00242,6,277.98,36.95
1445,ORD-00192,PROD-00162,5,1300.86,22.57
1446,ORD-00221,PROD-00126,1,889.01,25.25
1447,ORD-01168,PROD-00276,5,1771.82,12.83
1448,ORD-01400,PROD-00143,3,610.27,33.83
1449,ORD-00010,PROD-00214,2,1812.58,1.31
1450,ORD-01436,PROD-00143,4,2052.25,44.21
1451,ORD-00818,PROD-00069,4,1018.35,26.88
1452,ORD-00780,PROD-00088,1,645.63,12.75
1453,ORD-00342,PROD-00064,6,1502.65,26.15
1454,ORD-01241,PROD-00009,5,476.61,0.98
1455,ORD-01101,PROD-00264,5,751.98,20.3
1456,ORD-01313,PROD-00019,1,774.71,28.44
1457,ORD-00097,PROD-00135,4,479.14,15.8
1458,ORD-00805,PROD-00275,5,119.0,39.89
1459,ORD-00159,PROD-00193,5,1314.04,38.68
1460,ORD-00007,PROD-00291,2,198.39,2.74
1461,ORD-00161,PROD-00106,3,2488.18,23.92
1462,ORD-01314,PROD-00007,6,433.27,44.36
1463,ORD-00107,PROD-00260,-5,1468.75,44.14
1464,ORD-00886,PROD-00290,7,723.26,21.68
1465,ORD-00322,PROD-00117,4,1132.43,31.02
1466,ORD-00608,PROD-00114,6,2079.36,33.28
1467,ORD-00891,PROD-00215,3,1037.2,2.31
1468,ORD-01048,PROD-00080,7,1367.98,11.69
1469,ORD-00545,PROD-00053,1,546.79,30.27
1470,ORD-00232,PROD-00151,5,1379.99,9.89
1471,ORD-01003,PROD-00035,2,1084.6,19.79
1472,ORD-00324,PROD-00062,7,1347.1,6.47
1473,ORD-01140,PROD-00050,6,1258.92,1.36
1474,ORD-00116,PROD-00097,5,1530.87,39.57
1475,ORD-01227,PROD-00153,1,887.56,33.16
1476,ORD-00109,PROD-00115,5,947.72,39.82
1477,ORD-01336,PROD-00267,7,1153.14,38.75
1478,ORD-00272,PROD-00222,2,101.27,36.82
1479,ORD-01234,PROD-00095,5,1428.49,43.14
1480,ORD-00189,PROD-00168,3,215.82,33.86
1481,ORD-00674,PROD-00254,5,2337.08,44.9
1482,ORD-00069,PROD-00297,4,2179.29,33.29
1483,ORD-00916,PROD-00248,2,130.58,10.5
1484,ORD-00963,PROD-00144,1,360.58,40.86
1485,ORD-01113,PROD-00260,5,1760.02,39.06
1486,ORD-00107,PROD-00249,0,243.2,19.01
1487,ORD-01076,PROD-00239,4,139.03,33.75
1488,ORD-00632,PROD-00145,2,509.22,41.18
1489,ORD-00964,PROD-00234,2,2211.98,1.35
1490,ORD-00367,PROD-00246,4,634.52,42.54
1491,ORD-00622,PROD-00173,7,1761.82,29.16
1492,ORD-01025,PROD-00154,5,1049.23,32.16
1493,ORD-00088,PROD-00200,2,2293.23,29.03
1494,ORD-00703,PROD-00213,7,1531.85,32.71
1495,ORD-00229,PROD-00109,7,2443.48,5.62
1496,ORD-00177,PROD-00011,1,1562.63,39.48
1497,ORD-01387,PROD-00237,-1,1333.84,40.27
1498,ORD-01377,PROD-00058,4,122.81,8.05
1499,ORD-01308,PROD-00201,4,981.38,38.76
1500,ORD-00276,PROD-00162,6,1356.25,36.18
1501,ORD-99999,PROD-99999,2,1120.22,160.5
1502,ORD-01225,PROD-00145,5,1541.87,12.21
1503,ORD-00072,PROD-00172,1,740.44,35.04
1504,ORD-00219,PROD-00031,1,1139.53,43.32
1505,ORD-00246,PROD-00286,4,855.54,35.17
1506,ORD-01105,PROD-00132,5,2163.75,36.26
1507,ORD-00937,PROD-00135,4,2177.58,10.58
1508,ORD-00543,PROD-00057,4,2194.41,41.61
1509,ORD-00764,PROD-00066,7,1448.23,28.98
1510,ORD-00711,PROD-00094,6,2012.8,19.08
1511,ORD-00325,PROD-00088,4,338.02,28.68
1512,ORD-01033,PROD-00050,6,1402.21,4.2
1513,ORD-00892,PROD-00041,7,1157.24,44.04
1514,ORD-01174,PROD-00055,5,1314.03,38.19
1515,ORD-01114,PROD-00208,3,1309.05,44.83
1516,ORD-01138,PROD-00294,6,1831.33,31.62
1517,ORD-01435,PROD-00088,7,2374.29,36.17
1518,ORD-01078,PROD-00078,2,2448.7,17.24
1519,ORD-01233,PROD-00237,4,2315.43,22.76
1520,ORD-01209,PROD-00032,6,1020.17,35.57
1521,ORD-00460,PROD-00081,7,2494.36,29.59
1522,ORD-00185,PROD-00027,1,1033.55,15.84
1523,ORD-00994,PROD-00145,5,2167.29,2.34
1524,ORD-00435,PROD-00297,6,405.61,16.1
1525,ORD-00607,PROD-00248,7,81.03,30.48
1526,ORD-00978,PROD-00235,2,1190.08,35.1
1527,ORD-00954,PROD-00235,1,1341.38,31.86
1528,ORD-00357,PROD-00032,5,1191.23,39.78
1529,ORD-01304,PROD-00078,2,2258.35,42.86
1530,ORD-01162,PROD-00100,2,648.36,28.6
1531,ORD-00429,PROD-00263,-4,1020.42,1.59
1532,ORD-00824,PROD-00269,5,939.16,5.78
1533,ORD-00962,PROD-00221,6,1587.51,2.42
1534,ORD-01365,PROD-00099,7,1573.18,22.89
1535,ORD-00091,PROD-00145,5,1962.84,43.42
1536,ORD-00142,PROD-00244,2,1148.28,11.77
1537,ORD-00806,PROD-00069,4,412.83,38.83
1538,ORD-00530,PROD-00117,7,541.65,5.19
1539,ORD-00789,PROD-00143,6,674.92,24.48
1540,ORD-00019,PROD-00283,4,503.74,35.67
1541,ORD-00017,PROD-00099,0,54.34,36.66
1542,ORD-00897,PROD-00216,7,2092.56,24.16
1543,ORD-00403,PROD-00142,6,2488.04,41.92
1544,ORD-01197,PROD-00232,6,228.76,24.93
1545,ORD-00310,PROD-00181,2,854.15,35.12
1546,ORD-00670,PROD-00021,3,2218.92,11.07
1547,ORD-00312,PROD-00224,5,1975.43,23.43
1548,ORD-01453,PROD-00223,2,2240.83,10.22
1549,ORD-01208,PROD-00165,7,583.41,26.37
1550,ORD-01044,PROD-00065,5,1774.88,23.68
1551,ORD-01150,PROD-00172,4,1549.92,18.15
1552,ORD-00467,PROD-00193,5,2268.47,13.76
1553,ORD-00960,PROD-00028,6,1809.7,41.86
1554,ORD-00912,PROD-00247,4,1834.82,28.36
1555,ORD-01031,PROD-00283,7,1768.93,22.89
1556,ORD-00367,PROD-00054,2,896.2,43.95
1557,ORD-00510,PROD-00243,3,2461.85,41.48
1558,ORD-00784,PROD-00055,6,2341.76,10.37
1559,ORD-00404,PROD-00128,2,2487.63,44.69
1560,ORD-00074,PROD-00011,7,462.63,37.51
1561,ORD-00795,PROD-00122,4,1775.09,40.6
1562,ORD-01133,PROD-00142,6,385.38,14.4
1563,ORD-01491,PROD-00264,5,2365.55,27.54
1564,ORD-00869,PROD-00008,6,2479.27,42.95
1565,ORD-00047,PROD-00136,-5,1495.64,39.44
1566,ORD-00177,PROD-00222,5,605.63,33.26
1567,ORD-00340,PROD-00256,5,706.13,35.53
1568,ORD-00645,PROD-00197,4,256.18,30.17
1569,ORD-01063,PROD-00063,7,1477.22,9.16
1570,ORD-00824,PROD-00288,7,2435.9,28.49
1571,ORD-01132,PROD-00076,5,2236.76,23.01
1572,ORD-00532,PROD-00154,4,1617.39,43.18
1573,ORD-01231,PROD-00241,6,601.94,39.44
1574,ORD-00681,PROD-00163,3,51.43,7.51
1575,ORD-00325,PROD-00065,3,2436.74,29.37
1576,ORD-00391,PROD-00174,6,643.39,21.34
1577,ORD-01230,PROD-00061,7,1219.97,24.8
1578,ORD-01419,PROD-00088,4,1697.3,35.26
1579,ORD-00844,PROD-00042,7,385.85,26.79
1580,ORD-00010,PROD-00126,7,415.14,16.61
1581,ORD-00953,PROD-00129,1,599.15,8.34
1582,ORD-00423,PROD-00071,7,2480.41,13.63
1583,ORD-00692,PROD-00167,7,1609.88,42.3
1584,ORD-00349,PROD-00185,4,1759.24,8.85
1585,ORD-00925,PROD-00100,1,2309.84,6.22
1586,ORD-00581,PROD-00039,5,964.95,10.12
1587,ORD-00955,PROD-00142,6,356.9,12.31
1588,ORD-00396,PROD-00161,4,1261.63,25.83
1589,ORD-00041,PROD-00261,7,2006.6,12.2
1590,ORD-01049,PROD-00093,1,1160.06,17.47
1591,ORD-00614,PROD-00213,6,2250.43,42.64
1592,ORD-01122,PROD-00250,7,626.19,30.89
1593,ORD-00707,PROD-00247,3,1315.36,9.11
1594,ORD-01003,PROD-00149,2,854.08,31.7
1595,ORD-01181,PROD-00013,7,2078.46,4.38
1596,ORD-00748,PROD-00257,0,325.83,26.23
1597,ORD-01086,PROD-00092,7,140.67,17.79
1598,ORD-00305,PROD-00282,4,1364.04,30.82
1599,ORD-00257,PROD-00159,-3,385.22,29.72
1600,ORD-01422,PROD-00113,3,882.34,0.81
1601,ORD-00477,PROD-99999,5,2258.73,43.0
1602,ORD-00673,PROD-00071,4,2493.04,30.96
1603,ORD-00217,PROD-00072,5,2016.78,40.83
1604,ORD-00051,PROD-00289,6,2344.06,27.65
1605,ORD-00989,PROD-00187,7,2130.88,41.38
1606,ORD-01281,PROD-00281,5,413.17,0.88
1607,ORD-01319,PROD-00236,5,1292.69,18.53
1608,ORD-00346,PROD-00027,4,1686.97,3.4
1609,ORD-00222,PROD-00043,7,1700.1,10.13
1610,ORD-00984,PROD-00211,5,2467.18,14.0
1611,ORD-01260,PROD-00010,7,1906.04,9.19
1612,ORD-00325,PROD-00154,2,419.43,33.63
1613,ORD-00134,PROD-00011,7,2329.71,31.35
1614,ORD-01097,PROD-00167,2,864.01,23.21
1615,ORD-00432,PROD-00168,4,546.59,25.12
1616,ORD-00430,PROD-00114,5,1255.65,41.76
1617,ORD-00923,PROD-00292,1,2089.7,41.36
1618,ORD-00330,PROD-00198,5,605.16,25.23
1619,ORD-00820,PROD-00184,3,1074.1,11.86
1620,ORD-00535,PROD-00169,5,1973.01,1.79
1621,ORD-01097,PROD-00099,1,2147.87,24.73
1622,ORD-00357,PROD-00175,1,589.34,1.74
1623,ORD-00636,PROD-00293,6,918.12,13.91
1624,ORD-00915,PROD-00214,1,113.76,20.73
1625,ORD-00682,PROD-00126,1,1604.06,41.15
1626,ORD-99999,PROD-00036,1,341.48,32.17
1627,ORD-01015,PROD-00063,6,2106.35,6.27
1628,ORD-00300,PROD-00102,5,1117.94,12.18
1629,ORD-01290,PROD-00089,1,1570.46,32.81
1630,ORD-01156,PROD-00264,1,891.41,29.78
1631,ORD-00139,PROD-00271,5,1970.87,12.42
1632,ORD-00130,PROD-00243,3,2046.18,30.37
1633,ORD-00999,PROD-00219,-2,1285.78,1.54
1634,ORD-00790,PROD-00031,6,2171.6,30.38
1635,ORD-00626,PROD-00191,6,2327.56,21.69
1636,ORD-00258,PROD-00044,5,2402.33,24.81
1637,ORD-01005,PROD-00028,6,1432.67,13.32
1638,ORD-00079,PROD-00043,7,853.97,17.26
1639,ORD-01291,PROD-00072,7,1586.32,38.53
1640,ORD-01000,PROD-00054,3,1053.73,33.19
1641,ORD-00138,PROD-00155,2,1357.49,0.48
1642,ORD-00182,PROD-00215,3,2407.58,28.65
1643,ORD-00891,PROD-00236,6,2269.07,26.21
1644,ORD-00114,PROD-00133,1,489.52,2.07
1645,ORD-00353,PROD-00215,6,865.14,25.4
1646,ORD-00989,PROD-00016,5,2145.48,14.05
1647,ORD-01009,PROD-00199,6,507.46,17.23
1648,ORD-00898,PROD-00091,1,1202.52,32.55
1649,ORD-00725,PROD-00136,3,986.71,11.58
1650,ORD-00902,PROD-00282,7,1509.76,20.13
1651,ORD-00077,PROD-00275,0,984.52,137.72
1652,ORD-00452,PROD-00045,3,1675.15,35.36
1653,ORD-00346,PROD-00192,3,1055.84,40.96
1654,ORD-00626,PROD-00173,5,1633.14,22.16
1655,ORD-00300,PROD-00069,7,993.44,3.17
1656,ORD-00410,PROD-00119,3,746.34,29.73
1657,ORD-00504,PROD-00186,3,1005.47,5.86
1658,ORD-01016,PROD-00055,2,1100.18,4.82
1659,ORD-00941,PROD-00238,4,998.35,38.33
1660,ORD-00985,PROD-00288,1,1094.18,34.41
1661,ORD-01411,PROD-00015,1,621.96,41.77
1662,ORD-00449,PROD-00171,5,1804.38,11.14
1663,ORD-00422,PROD-00137,5,1971.88,34.14
1664,ORD-01241,PROD-00253,4,47.24,35.38
1665,ORD-00402,PROD-00113,1,1905.19,26.79
1666,ORD-00461,PROD-00112,6,2117.34,29.92
1667,ORD-00218,PROD-00034,-5,2449.08,17.73
1668,ORD-00466,PROD-00021,2,888.42,8.64
1669,ORD-00415,PROD-00056,4,1373.08,7.51
1670,ORD-00979,PROD-00194,4,353.49,9.93
1671,ORD-00455,PROD-00208,1,1207.25,16.4
1672,ORD-01158,PROD-00149,3,2046.61,20.7
1673,ORD-00043,PROD-00025,7,1656.79,30.32
1674,ORD-00734,PROD-00298,4,2302.36,38.9
1675,ORD-00480,PROD-00135,4,895.1,31.83
1676,ORD-00725,PROD-00044,4,2366.86,20.59
1677,ORD-00939,PROD-00013,3,1618.8,29.92
1678,ORD-00487,PROD-00161,6,1219.4,12.94
1679,ORD-00415,PROD-00146,3,1818.68,38.36
1680,ORD-01020,PROD-00189,5,1922.79,18.18
1681,ORD-00191,PROD-00085,1,601.83,37.13
1682,ORD-00406,PROD-00080,3,1341.42,43.91
1683,ORD-00319,PROD-00024,6,2498.66,9.56
1684,ORD-01427,PROD-00003,5,382.84,20.19
1685,ORD-00269,PROD-00236,6,2234.1,6.17
1686,ORD-00926,PROD-00011,2,41.16,37.83
1687,ORD-00177,PROD-00066,1,1848.14,28.7
1688,ORD-00642,PROD-00027,1,2167.61,26.97
1689,ORD-00037,PROD-00011,7,835.7,0.78
1690,ORD-00050,PROD-00117,6,1319.28,11.75
1691,ORD-00236,PROD-00170,7,131.5,34.95
1692,ORD-00806,PROD-00208,7,32.29,43.48
1693,ORD-00829,PROD-00139,7,637.81,39.19
1694,ORD-00512,PROD-00255,7,2057.53,44.81
1695,ORD-01037,PROD-00059,3,2453.22,1.71
1696,ORD-00477,PROD-00073,1,941.52,39.59
1697,ORD-00397,PROD-00138,5,1395.18,1.96
1698,ORD-00152,PROD-00106,2,833.22,6.97
1699,ORD-01210,PROD-00097,7,2044.96,44.31
1700,ORD-00054,PROD-00088,7,1141.45,43.37
1701,ORD-00204,PROD-99999,-5,1479.52,13.42
1702,ORD-01038,PROD-00089,2,1367.91,20.05
1703,ORD-00194,PROD-00001,4,2117.85,18.48
1704,ORD-01273,PROD-00194,6,1446.1,17.91
1705,ORD-00234,PROD-00258,1,1168.91,39.04
1706,ORD-00622,PROD-00019,0,1215.89,10.01
1707,ORD-00612,PROD-00273,3,969.75,26.56
1708,ORD-01124,PROD-00058,2,2409.9,1.46
1709,ORD-00495,PROD-00162,4,692.26,34.65
1710,ORD-00883,PROD-00298,2,1506.06,10.2
1711,ORD-01406,PROD-00115,3,1994.58,18.6
1712,ORD-01216,PROD-00176,1,1505.81,19.69
1713,ORD-00535,PROD-00231,4,118.99,9.03
1714,ORD-00249,PROD-00092,1,1385.58,1.86
1715,ORD-00979,PROD-00192,6,378.43,14.67
1716,ORD-01479,PROD-00173,2,245.9,6.82
1717,ORD-00802,PROD-00104,3,1106.24,43.1
1718,ORD-01157,PROD-00058,3,1361.58,14.64
1719,ORD-00109,PROD-00083,7,422.54,38.54
1720,ORD-00427,PROD-00131,4,1665.94,14.24
1721,ORD-00114,PROD-00108,3,1434.28,43.43
1722,ORD-00370,PROD-00060,6,1154.72,42.96
1723,ORD-00578,PROD-00178,3,2091.93,31.52
1724,ORD-00526,PROD-00203,3,2032.82,32.61
1725,ORD-00805,PROD-00131,6,1029.61,16.49
1726,ORD-00175,PROD-00208,7,1740.61,0.69
1727,ORD-01160,PROD-00270,7,652.1,23.82
1728,ORD-00599,PROD-00190,3,119.91,29.31
1729,ORD-00674,PROD-00155,6,1959.08,43.16
1730,ORD-01437,PROD-00030,2,541.71,14.1
1731,ORD-01107,PROD-00043,3,781.16,17.85
1732,ORD-01260,PROD-00211,2,2181.55,9.53
1733,ORD-00240,PROD-00061,5,829.92,7.98
1734,ORD-00960,PROD-00226,6,2342.64,39.13
1735,ORD-00792,PROD-00288,-1,1365.92,24.89
1736,ORD-00764,PROD-00153,7,92.52,39.94
1737,ORD-00266,PROD-00276,1,1956.87,31.36
1738,ORD-00732,PROD-00001,3,1862.93,33.54
1739,ORD-01274,PROD-00144,7,444.19,1.01
1740,ORD-00134,PROD-00091,4,1683.89,33.35
1741,ORD-00683,PROD-00099,6,2192.73,18.34
1742,ORD-00977,PROD-00135,2,1312.89,17.46
1743,ORD-00852,PROD-00237,7,845.66,24.13
1744,ORD-00588,PROD-00298,1,905.88,13.06
1745,ORD-00111,PROD-00231,3,2288.92,13.39
1746,ORD-01395,PROD-00142,6,2427.95,7.26
1747,ORD-00460,PROD-00185,3,282.96,16.9
1748,ORD-00808,PROD-00236,7,1673.76,9.58
1749,ORD-01289,PROD-00205,2,850.15,31.49
1750,ORD-00087,PROD-00288,3,1155.73,26.83
1751,ORD-99999,PROD-00209,4,531.16,20.32
1752,ORD-01391,PROD-00289,5,1536.11,4.86
1753,ORD-01485,PROD-00087,2,552.48,23.44
1754,ORD-00443,PROD-00191,6,1307.23,39.7
1755,ORD-00357,PROD-00080,7,284.57,21.02
1756,ORD-00926,PROD-00276,5,716.72,8.36
1757,ORD-00659,PROD-00195,1,2043.08,31.38
1758,ORD-01266,PROD-00127,7,331.92,33.44
1759,ORD-00192,PROD-00121,1,1094.57,39.35
1760,ORD-01349,PROD-00131,6,521.32,0.68
1761,ORD-00608,PROD-00022,0,2098.36,4.3
1762,ORD-01395,PROD-00207,1,1859.0,14.24
1763,ORD-00488,PROD-00174,1,916.74,21.39
1764,ORD-01084,PROD-00272,4,226.86,44.51
1765,ORD-01499,PROD-00257,7,1186.15,7.19
1766,ORD-00395,PROD-00178,4,1775.11,43.71
1767,ORD-01069,PROD-00210,7,1004.87,1.84
1768,ORD-01338,PROD-00296,3,2302.34,26.31
1769,ORD-00372,PROD-00023,-1,954.54,18.11
1770,ORD-00278,PROD-00197,4,1929.52,39.43
1771,ORD-00537,PROD-00236,7,767.3,12.98
1772,ORD-00005,PROD-00236,5,989.57,34.58
1773,ORD-00233,PROD-00115,7,228.25,43.74
1774,ORD-00869,PROD-00166,2,57.64,6.8
1775,ORD-00976,PROD-00154,2,523.01,21.88
1776,ORD-01015,PROD-00094,2,1215.58,32.56
1777,ORD-00826,PROD-00215,3,2302.74,24.9
1778,ORD-00921,PROD-00246,1,1689.01,33.16
1779,ORD-01499,PROD-00020,4,2457.85,22.37
1780,ORD-00570,PROD-00122,5,1517.16,34.92
1781,ORD-01088,PROD-00146,3,99.81,1.68
1782,ORD-00649,PROD-00264,3,1121.33,0.49
1783,ORD-01384,PROD-00104,1,1889.05,39.37
1784,ORD-00228,PROD-00140,2,2476.99,20.68
1785,ORD-00647,PROD-00299,7,1685.72,7.77
1786,ORD-00246,PROD-00109,6,1893.89,42.53
1787,ORD-01496,PROD-00182,7,1716.84,6.12
1788,ORD-00131,PROD-00269,4,1957.97,4.99
1789,ORD-01469,PROD-00037,6,1359.94,13.59
1790,ORD-00114,PROD-00222,2,1535.19,15.5
1791,ORD-01358,PROD-00102,1,865.74,7.58
1792,ORD-00687,PROD-00203,7,356.87,23.47
1793,ORD-01325,PROD-00174,1,146.42,41.38
1794,ORD-00536,PROD-00175,5,1891.85,21.74
1795,ORD-01468,PROD-00243,2,1062.04,41.28
1796,ORD-00520,PROD-00242,2,486.05,14.85
1797,ORD-00717,PROD-00284,2,1450.24,14.32
1798,ORD-00511,PROD-00158,6,1671.03,13.87
1799,ORD-00598,PROD-00268,4,491.25,34.83
1800,ORD-00835,PROD-00104,3,1949.87,8.67
1801,ORD-00358,PROD-99999,4,239.96,149.84
1802,ORD-00435,PROD-00129,6,718.93,15.01
1803,ORD-01001,PROD-00273,-1,958.31,24.19
1804,ORD-01487,PROD-00063,7,719.75,11.5
1805,ORD-01063,PROD-00263,2,1169.12,22.06
1806,ORD-00002,PROD-00106,6,837.17,2.92
1807,ORD-00132,PROD-00109,6,542.95,6.29
1808,ORD-01320,PROD-00009,4,2462.28,15.57
1809,ORD-01480,PROD-00096,2,2320.86,34.97
1810,ORD-00182,PROD-00004,6,829.13,12.92
1811,ORD-01497,PROD-00144,3,938.77,35.43
1812,ORD-00186,PROD-00261,2,600.73,34.62
1813,ORD-00477,PROD-00144,2,2038.38,9.76
1814,ORD-00431,PROD-00122,7,487.03,10.72
1815,ORD-00780,PROD-00028,3,322.29,42.9
1816,ORD-00509,PROD-00257,0,138.6,12.94
1817,ORD-00867,PROD-00269,2,1309.69,6.44
1818,ORD-00868,PROD-00166,1,263.4,11.52
1819,ORD-00992,PROD-00070,3,1840.0,36.87
1820,ORD-00027,PROD-00072,5,1178.18,37.43
1821,ORD-01326,PROD-00144,1,1432.41,22.53
1822,ORD-00174,PROD-00021,6,292.14,44.34
1823,ORD-00058,PROD-00238,2,1351.67,43.08
1824,ORD-00287,PROD-00105,1,2150.21,34.81
1825,ORD-01429,PROD-00112,4,526.91,28.73
1826,ORD-00773,PROD-00007,4,1372.83,16.66
1827,ORD-00415,PROD-00295,1,344.58,44.19
1828,ORD-01460,PROD-00016,4,1663.81,4.09
1829,ORD-01060,PROD-00205,4,2349.79,18.42
1830,ORD-00726,PROD-00039,2,2217.67,20.39
1831,ORD-01120,PROD-00231,2,809.72,33.75
1832,ORD-00745,PROD-00078,1,1105.07,37.92
1833,ORD-00105,PROD-00092,5,113.28,32.42
1834,ORD-00969,PROD-00046,5,1423.91,42.35
1835,ORD-00748,PROD-00100,6,1400.72,40.15
1836,ORD-00763,PROD-00273,2,1363.83,20.32
1837,ORD-00896,PROD-00100,-3,1341.66,8.86
1838,ORD-00137,PROD-00071,2,906.86,44.18
1839,ORD-00674,PROD-00133,1,1981.78,32.23
1840,ORD-01396,PROD-00212,7,1570.56,39.69
1841,ORD-00054,PROD-00267,3,2486.22,38.29
1842,ORD-00559,PROD-00245,6,1505.36,17.81
1843,ORD-00368,PROD-00178,4,2074.22,3.62
1844,ORD-01387,PROD-00051,7,512.6,33.72
1845,ORD-00611,PROD-00130,5,1332.24,0.09
1846,ORD-00171,PROD-00176,5,593.65,34.63
1847,ORD-00049,PROD-00183,2,2035.33,18.76
1848,ORD-00717,PROD-00264,4,2439.95,8.75
1849,ORD-00403,PROD-00037,3,428.76,27.12
1850,ORD-00634,PROD-00014,6,1947.52,28.46
1851,ORD-00101,PROD-00173,1,840.93,6.29
1852,ORD-00466,PROD-00084,1,1317.34,26.49
1853,ORD-00340,PROD-00207,5,779.43,9.12
1854,ORD-01009,PROD-00194,4,2038.57,19.52
1855,ORD-01485,PROD-00287,6,934.8,15.93
1856,ORD-00271,PROD-00067,6,95.26,25.09
1857,ORD-00293,PROD-00063,5,737.68,43.27
1858,ORD-01267,PROD-00083,3,1745.94,27.37
1859,ORD-00685,PROD-00198,1,1542.39,6.68
1860,ORD-00572,PROD-00028,6,53.74,20.43
1861,ORD-00793,PROD-00045,4,1056.46,5.82
1862,ORD-00037,PROD-00130,2,1325.96,9.39
1863,ORD-00938,PROD-00269,6,1392.47,13.26
1864,ORD-01219,PROD-00268,3,462.44,39.94
1865,ORD-00522,PROD-00284,1,1299.95,36.43
1866,ORD-00728,PROD-00205,5,2093.43,13.97
1867,ORD-01463,PROD-00249,2,1872.62,36.54
1868,ORD-00058,PROD-00018,3,2476.21,19.28
1869,ORD-01267,PROD-00175,4,1318.1,16.7
1870,ORD-01438,PROD-00199,6,1439.68,17.3
1871,ORD-00190,PROD-00248,0,946.94,7.01
1872,ORD-00695,PROD-00066,6,2010.27,34.88
1873,ORD-01284,PROD-00211,3,530.06,10.15
1874,ORD-01363,PROD-00099,1,408.48,34.66
1875,ORD-00288,PROD-00163,6,1729.28,26.72
1876,ORD-99999,PROD-00172,5,927.56,39.78
1877,ORD-00392,PROD-00271,6,99.6,16.28
1878,ORD-00069,PROD-00284,3,502.48,30.4
1879,ORD-00894,PROD-00145,6,2405.69,17.42
1880,ORD-01173,PROD-00220,6,1203.26,40.01
1881,ORD-00797,PROD-00286,4,2048.83,14.89
1882,ORD-00360,PROD-00002,1,306.49,35.19
1883,ORD-00216,PROD-00212,6,2145.84,11.2
1884,ORD-00829,PROD-00041,1,1294.89,39.75
1885,ORD-00855,PROD-00042,4,1948.4,41.07
1886,ORD-01102,PROD-00077,2,1146.1,21.29
1887,ORD-01410,PROD-00153,2,1594.95,8.53
1888,ORD-01415,PROD-00089,5,2330.55,42.68
1889,ORD-00140,PROD-00140,2,372.51,12.7
1890,ORD-00110,PROD-00208,6,402.34,37.12
1891,ORD-00352,PROD-00261,1,44.19,33.71
1892,ORD-00761,PROD-00209,2,1143.65,25.31
1893,ORD-00265,PROD-00245,2,1964.22,22.75
1894,ORD-00297,PROD-00047,4,203.95,10.59
1895,ORD-00275,PROD-00164,3,951.0,32.94
1896,ORD-00668,PROD-00154,5,654.29,12.11
1897,ORD-01402,PROD-00179,4,1036.39,5.67
1898,ORD-00876,PROD-00065,4,112.57,21.46
1899,ORD-01344,PROD-00242,6,1655.38,27.88
1900,ORD-01455,PROD-00133,3,670.33,20.56
1901,ORD-00624,PROD-99999,4,1431.59,30.57
1902,ORD-00331,PROD-00251,2,962.25,44.75
1903,ORD-00896,PROD-00197,3,39.85,10.52
1904,ORD-00549,PROD-00102,2,1690.86,32.42
1905,ORD-01189,PROD-00052,-2,2385.31,7.82
1906,ORD-00801,PROD-00151,2,2155.84,26.9
1907,ORD-00126,PROD-00177,7,2218.07,8.45
1908,ORD-00093,PROD-00196,1,2045.31,29.61
1909,ORD-00576,PROD-00048,1,2053.07,13.42
1910,ORD-00565,PROD-00291,5,2035.86,9.83
1911,ORD-01143,PROD-00217,7,118.97,24.97
1912,ORD-00384,PROD-00184,7,675.72,39.42
1913,ORD-00445,PROD-00234,1,269.42,1.16
1914,ORD-00098,PROD-00180,4,1447.51,7.58
1915,ORD-00566,PROD-00250,7,549.55,43.9
1916,ORD-00332,PROD-00025,4,641.85,27.02
1917,ORD-01497,PROD-00232,2,376.53,8.37
1918,ORD-00487,PROD-00205,4,2385.2,37.46
1919,ORD-01233,PROD-00030,2,722.58,22.13
1920,ORD-00838,PROD-00200,5,2022.0,3.11
1921,ORD-00927,PROD-00040,1,1500.67,22.4
1922,ORD-00192,PROD-00206,3,626.92,44.19
1923,ORD-01464,PROD-00149,2,2440.01,17.47
1924,ORD-00469,PROD-00215,2,1452.71,17.8
1925,ORD-00646,PROD-00266,4,690.21,36.24
1926,ORD-00906,PROD-00042,0,28.31,10.37
1927,ORD-00332,PROD-00041,5,329.07,44.66
1928,ORD-01251,PROD-00248,6,1843.85,15.16
1929,ORD-00580,PROD-00069,6,55.74,19.91
1930,ORD-00321,PROD-00002,6,2360.14,6.5
1931,ORD-01071,PROD-00103,3,56.22,36.99
1932,ORD-01236,PROD-00132,4,1832.5,26.27
1933,ORD-00868,PROD-00047,1,43.14,38.58
1934,ORD-00041,PROD-00078,4,1100.45,6.61
1935,ORD-00696,PROD-00209,5,263.89,12.62
1936,ORD-00963,PROD-00294,2,2139.29,18.98
1937,ORD-00359,PROD-00141,2,1551.1,27.89
1938,ORD-01418,PROD-00256,5,1814.95,42.5
1939,ORD-00821,PROD-00130,-3,811.66,8.65
1940,ORD-00006,PROD-00286,3,1973.89,39.56
1941,ORD-00917,PROD-00002,2,493.27,29.83
1942,ORD-00293,PROD-00271,2,1806.39,9.95
1943,ORD-01049,PROD-00243,1,1238.94,5.21
1944,ORD-00775,PROD-00220,5,745.31,12.14
1945,ORD-01225,PROD-00072,1,942.32,27.52
1946,ORD-00023,PROD-00250,3,2351.4,16.54
1947,ORD-00795,PROD-00129,6,2289.78,36.37
1948,ORD-00470,PROD-00238,6,408.34,18.31
1949,ORD-00333,PROD-00012,7,1493.31,7.99
1950,ORD-01305,PROD-00014,6,1723.63,43.15
1951,ORD-00580,PROD-00151,6,952.96,139.38
1952,ORD-00203,PROD-00095,3,675.03,4.18
1953,ORD-00630,PROD-00248,3,1502.56,19.7
1954,ORD-00960,PROD-00127,5,653.86,1.96
1955,ORD-00206,PROD-00290,6,334.28,40.25
1956,ORD-01437,PROD-00159,5,338.89,34.71
1957,ORD-00111,PROD-00093,5,1382.41,27.96
1958,ORD-01305,PROD-00116,2,1501.45,43.33
1959,ORD-00286,PROD-00085,2,1877.84,3.5
1960,ORD-00684,PROD-00204,2,806.42,44.06
1961,ORD-00018,PROD-00285,3,1513.97,0.54
1962,ORD-00219,PROD-00159,4,780.15,2.33
1963,ORD-01190,PROD-00001,5,674.67,43.2
1964,ORD-00150,PROD-00172,6,518.28,28.74
1965,ORD-00570,PROD-00036,2,2173.09,33.24
1966,ORD-00791,PROD-00070,7,1109.33,15.99
1967,ORD-00207,PROD-00270,5,2383.81,38.16
1968,ORD-00338,PROD-00001,1,54.11,12.09
1969,ORD-00213,PROD-00195,1,724.6,40.42
1970,ORD-00995,PROD-00037,4,1827.33,9.11
1971,ORD-00084,PROD-00209,3,1423.71,15.12
1972,ORD-00731,PROD-00008,4,1533.63,9.78
1973,ORD-01491,PROD-00222,-2,894.17,20.46
1974,ORD-00803,PROD-00173,3,139.16,2.78
1975,ORD-01445,PROD-00081,6,368.29,41.08
1976,ORD-00817,PROD-00191,6,1995.35,14.32
1977,ORD-01134,PROD-00026,7,1690.79,3.12
1978,ORD-01301,PROD-00219,6,2390.72,32.7
1979,ORD-01446,PROD-00283,6,40.33,11.04
1980,ORD-00932,PROD-00016,1,174.4,43.3
1981,ORD-00653,PROD-00104,0,2420.57,38.82
1982,ORD-00654,PROD-00128,2,2088.34,14.0
1983,ORD-00430,PROD-00022,7,1496.29,0.65
1984,ORD-00300,PROD-00234,4,1188.87,4.5
1985,ORD-00757,PROD-00110,2,2049.2,12.1
1986,ORD-01018,PROD-00295,6,2258.22,11.9
1987,ORD-00406,PROD-00033,6,841.3,1.04
1988,ORD-00332,PROD-00158,1,1938.9,28.66
1989,ORD-01031,PROD-00121,7,2412.19,7.44
1990,ORD-00334,PROD-00245,7,759.42,4.65
1991,ORD-00611,PROD-00263,7,1032.46,38.48
1992,ORD-00329,PROD-00069,1,1193.71,17.65
1993,ORD-00603,PROD-00031,7,1389.55,26.38
1994,ORD-01004,PROD-00040,6,2156.74,7.05
1995,ORD-00604,PROD-00130,5,1849.41,44.72
1996,ORD-00189,PROD-00063,1,555.92,21.45
1997,ORD-01152,PROD-00199,4,2289.35,19.31
1998,ORD-01229,PROD-00048,1,2084.28,9.66
1999,ORD-01408,PROD-00080,2,661.39,32.4
2000,ORD-00340,PROD-00180,6,1292.54,39.77
2001,ORD-99999,PROD-99999,2,1666.53,28.7
2002,ORD-00914,PROD-00263,2,45.17,31.93
2003,ORD-01066,PROD-00241,6,1072.23,12.13
2004,ORD-01383,PROD-00079,5,1925.54,40.6
2005,ORD-00625,PROD-00183,2,441.32,6.58
2006,ORD-00748,PROD-00119,7,2140.03,26.98
2007,ORD-00971,PROD-00260,-1,2379.33,26.48
2008,ORD-01130,PROD-00157,1,2425.21,31.56
2009,ORD-00177,PROD-00088,6,35.12,44.8
2010,ORD-01136,PROD-00052,3,2409.49,31.58
2011,ORD-00798,PROD-00085,5,851.65,2.98
2012,ORD-00957,PROD-00023,1,1486.61,13.26
2013,ORD-00569,PROD-00080,5,1542.75,15.59
2014,ORD-00259,PROD-00288,7,164.07,43.64
2015,ORD-01400,PROD-00140,2,979.96,31.84
2016,ORD-00993,PROD-00153,2,1154.47,3.17
2017,ORD-01291,PROD-00142,4,1940.6,30.23
2018,ORD-00724,PROD-00073,3,2304.48,10.43
2019,ORD-00505,PROD-00036,3,408.06,25.16
2020,ORD-00792,PROD-00258,1,534.36,19.49
2021,ORD-00305,PROD-00053,2,1161.23,34.02
2022,ORD-01124,PROD-00120,1,2496.14,13.62
2023,ORD-00955,PROD-00101,6,2287.98,29.94
2024,ORD-01203,PROD-00106,4,1393.03,41.2
2025,ORD-00938,PROD-00169,5,265.84,11.27
2026,ORD-01140,PROD-00104,7,1694.04,38.76
2027,ORD-01327,PROD-00023,7,707.29,23.36
2028,ORD-01019,PROD-00241,6,871.45,3.48
2029,ORD-01128,PROD-00103,2,187.62,44.42
2030,ORD-00842,PROD-00201,3,203.99,11.65
2031,ORD-00944,PROD-00058,3,654.21,20.46
2032,ORD-01020,PROD-00279,5,629.05,21.87
2033,ORD-00319,PROD-00040,1,2336.98,41.08
2034,ORD-01242,PROD-00221,2,71.38,25.72
2035,ORD-00862,PROD-00026,5,2374.23,32.78
2036,ORD-00797,PROD-00183,0,115.58,39.19
2037,ORD-00057,PROD-00137,7,1680.05,12.95
2038,ORD-00782,PROD-00137,6,2281.41,12.86
2039,ORD-00227,PROD-00240,7,1622.17,7.74
2040,ORD-00226,PROD-00094,3,213.06,1.52
2041,ORD-01238,PROD-00222,-3,1150.96,39.18
2042,ORD-01424,PROD-00006,3,785.56,3.63
2043,ORD-00967,PROD-00048,7,154.26,30.64
2044,ORD-00558,PROD-00281,1,593.59,22.32
2045,ORD-00768,PROD-00022,6,1915.68,27.53
2046,ORD-01079,PROD-00040,2,1334.02,1.77
2047,ORD-00960,PROD-00074,4,711.89,5.52
2048,ORD-01094,PROD-00095,6,255.22,11.9
2049,ORD-00903,PROD-00167,7,2324.76,7.92
2050,ORD-01132,PROD-00231,6,2357.76,26.97
2051,ORD-01100,PROD-00226,7,820.31,38.14
2052,ORD-00228,PROD-00050,2,93.51,37.44
2053,ORD-00318,PROD-00114,2,368.89,20.68
2054,ORD-00618,PROD-00228,1,1688.27,17.04
2055,ORD-00594,PROD-00150,1,612.28,23.42
2056,ORD-00634,PROD-00034,1,1965.32,44.05
2057,ORD-00625,PROD-00031,2,1020.13,29.06
2058,ORD-01458,PROD-00134,5,493.45,16.21
2059,ORD-01364,PROD-00179,5,801.04,39.85
2060,ORD-00151,PROD-00260,5,1678.95,31.29
2061,ORD-00998,PROD-00154,5,2080.18,6.88
2062,ORD-01149,PROD-00171,7,1353.12,40.38
2063,ORD-00273,PROD-00102,5,2187.8,37.82
2064,ORD-00391,PROD-00169,4,1195.32,30.06
2065,ORD-00302,PROD-00103,2,1207.69,29.09
2066,ORD-00731,PROD-00043,1,981.14,29.52
2067,ORD-00230,PROD-00126,7,363.33,31.28
2068,ORD-00512,PROD-00279,7,287.57,27.22
2069,ORD-00261,PROD-00212,1,787.19,27.76
2070,ORD-01153,PROD-00008,2,541.39,39.58
2071,ORD-00599,PROD-00022,7,786.8,43.02
2072,ORD-01287,PROD-00231,5,1262.79,6.85
2073,ORD-00306,PROD-00026,2,754.95,23.85
2074,ORD-01019,PROD-00133,4,416.38,10.1
2075,ORD-00432,PROD-00242,-5,1637.32,15.9
2076,ORD-00357,PROD-00243,7,338.78,11.21
2077,ORD-01393,PROD-00112,1,820.81,33.28
2078,ORD-00381,PROD-00298,3,222.57,43.6
2079,ORD-00501,PROD-00221,3,443.06,13.59
2080,ORD-01150,PROD-00213,4,877.61,43.02
2081,ORD-00254,PROD-00157,2,2331.78,43.7
2082,ORD-00122,PROD-00249,6,716.51,43.01
2083,ORD-00924,PROD-00195,6,1244.1,1.38
2084,ORD-01200,PROD-00064,3,377.46,10.92
2085,ORD-00838,PROD-00015,2,162.53,40.44
2086,ORD-00939,PROD-00119,1,973.9,37.87
2087,ORD-00547,PROD-00206,7,434.86,1.45
2088,ORD-00160,PROD-00196,7,1435.72,20.34
2089,ORD-01377,PROD-00166,5,2273.62,29.96
2090,ORD-01168,PROD-00202,4,179.7,6.65
2091,ORD-01286,PROD-00195,0,1815.79,3.55
2092,ORD-01430,PROD-00257,7,806.93,29.01
2093,ORD-01202,PROD-00020,1,1528.19,25.99
2094,ORD-00858,PROD-00247,5,2047.48,9.21
2095,ORD-00296,PROD-00149,7,1072.26,24.87
2096,ORD-00694,PROD-00040,4,420.51,28.66
2097,ORD-01498,PROD-00235,1,420.14,20.2
2098,ORD-00680,PROD-00159,7,222.92,1.78
2099,ORD-00918,PROD-00288,4,1984.54,18.75
2100,ORD-00683,PROD-00013,3,910.31,36.64
2101,ORD-01079,PROD-99999,3,2346.95,121.51
2102,ORD-00941,PROD-00144,1,668.1,21.51
2103,ORD-00787,PROD-00254,5,868.33,15.74
2104,ORD-00349,PROD-00156,4,1316.43,4.41
2105,ORD-00495,PROD-00104,4,1601.14,13.42
2106,ORD-01122,PROD-00091,1,1202.92,22.05
2107,ORD-00210,PROD-00130,7,2293.06,3.89
2108,ORD-00933,PROD-00102,1,1536.19,18.34
2109,ORD-00066,PROD-00104,-3,1155.98,21.67
2110,ORD-00213,PROD-00049,4,940.35,23.47
2111,ORD-01022,PROD-00162,6,1731.25,12.6
2112,ORD-00542,PROD-00248,3,83.66,32.78
2113,ORD-01285,PROD-00138,2,687.36,23.76
2114,ORD-01294,PROD-00199,2,2396.5,24.79
2115,ORD-00869,PROD-00190,2,2453.67,10.91
2116,ORD-01259,PROD-00003,1,1385.85,17.15
2117,ORD-00596,PROD-00136,7,990.03,1.92
2118,ORD-00978,PROD-00171,7,217.65,14.06
2119,ORD-00367,PROD-00027,4,2299.56,0.93
2120,ORD-00273,PROD-00290,7,1016.43,22.1
2121,ORD-01469,PROD-00100,2,1795.79,25.1
2122,ORD-00794,PROD-00118,4,976.09,42.68
2123,ORD-00343,PROD-00289,4,76.9,2.72
2124,ORD-01307,PROD-00065,2,1448.45,32.82
2125,ORD-00410,PROD-00251,6,2187.29,36.09
2126,ORD-99999,PROD-00206,2,1590.49,8.85
2127,ORD-00417,PROD-00047,3,2357.17,21.02
2128,ORD-00650,PROD-00083,5,406.83,37.04
2129,ORD-00802,PROD-00145,2,2204.12,18.21
2130,ORD-00479,PROD-00299,1,1626.27,22.82
2131,ORD-01003,PROD-00294,2,153.39,7.72
2132,ORD-01012,PROD-00129,4,2225.61,41.39
2133,ORD-00900,PROD-00158,4,1147.53,12.49
2134,ORD-00539,PROD-00063,1,2383.85,27.94
2135,ORD-01357,PROD-00134,5,1746.23,13.22
2136,ORD-00676,PROD-00291,2,1749.66,41.41
2137,ORD-00782,PROD-00005,7,1376.38,22.01
2138,ORD-01276,PROD-00291,1,1808.81,14.46
2139,ORD-00879,PROD-00275,5,1124.81,40.82
2140,ORD-00874,PROD-00028,5,2153.22,26.59
2141,ORD-01123,PROD-00042,4,1107.56,18.0
2142,ORD-01432,PROD-00255,5,588.76,35.01
2143,ORD-01124,PROD-00201,-1,1431.0,21.22
2144,ORD-00348,PROD-00040,3,73.53,40.13
2145,ORD-01350,PROD-00103,4,304.96,39.32
2146,ORD-01000,PROD-00275,0,320.41,22.4
2147,ORD-00113,PROD-00201,7,1170.87,36.64
2148,ORD-00539,PROD-00257,2,153.11,6.71
2149,ORD-00722,PROD-00054,5,2245.94,14.9
2150,ORD-01019,PROD-00011,2,934.22,34.36
2151,ORD-00475,PROD-00225,3,2167.63,5.63
2152,ORD-00014,PROD-00069,2,1405.43,41.2
2153,ORD-01039,PROD-00099,4,585.19,28.79
2154,ORD-00817,PROD-00049,6,386.93,33.52
2155,ORD-00145,PROD-00174,5,1799.01,38.39
2156,ORD-01034,PROD-00001,6,434.22,8.41
2157,ORD-00067,PROD-00241,7,2010.06,0.81
2158,ORD-00677,PROD-00183,1,1261.37,42.77
2159,ORD-01260,PROD-00221,6,2111.17,22.44
2160,ORD-00848,PROD-00043,6,2374.76,42.06
2161,ORD-01457,PROD-00290,7,2098.32,33.36
2162,ORD-00693,PROD-00008,5,775.13,1.72
2163,ORD-01122,PROD-00024,7,2272.62,31.68
2164,ORD-00386,PROD-00233,4,2053.62,7.12
2165,ORD-01371,PROD-00130,2,951.65,22.62
2166,ORD-01088,PROD-00252,3,1785.25,10.45
2167,ORD-01020,PROD-00033,3,206.79,34.93
2168,ORD-00445,PROD-00059,3,153.78,28.45
2169,ORD-00816,PROD-00182,4,1581.17,7.04
2170,ORD-00659,PROD-00238,3,320.2,8.25
2171,ORD-00190,PROD-00073,6,2243.66,42.17
2172,ORD-00002,PROD-00032,2,2034.81,41.62
2173,ORD-00346,PROD-00153,1,2318.8,12.17
2174,ORD-01447,PROD-00144,6,1514.4,33.23
2175,ORD-01369,PROD-00147,1,2392.39,40.7
2176,ORD-00390,PROD-00034,6,821.95,10.89
2177,ORD-00732,PROD-00129,-2,555.56,40.2
2178,ORD-01178,PROD-00189,6,942.94,18.91
2179,ORD-01023,PROD-00146,2,835.99,29.47
2180,ORD-01329,PROD-00277,3,1015.98,7.5
2181,ORD-01263,PROD-00136,2,1147.17,22.02
2182,ORD-00903,PROD-00051,3,820.51,0.85
2183,ORD-00619,PROD-00170,2,330.72,35.32
2184,ORD-00612,PROD-00132,4,476.19,11.71
2185,ORD-00475,PROD-00197,6,116.9,33.03
2186,ORD-01319,PROD-00236,2,1723.18,31.73
2187,ORD-01455,PROD-00154,2,2299.61,20.22
2188,ORD-01226,PROD-00231,6,1559.13,33.95
2189,ORD-00464,PROD-00227,1,1983.78,5.0
2190,ORD-00233,PROD-00009,4,1406.06,43.91
2191,ORD-00024,PROD-00243,4,941.77,33.8
2192,ORD-01479,PROD-00294,2,1671.11,39.12
2193,ORD-01332,PROD-00081,4,338.63,19.67
2194,ORD-00524,PROD-00073,1,1204.03,12.83
2195,ORD-00375,PROD-00282,4,152.42,22.16
2196,ORD-00099,PROD-00052,5,361.12,28.79
2197,ORD-01443,PROD-00042,4,887.12,23.85
2198,ORD-01091,PROD-00288,5,780.99,26.0
2199,ORD-01390,PROD-00033,5,1115.69,31.13
2200,ORD-00870,PROD-00197,7,1111.76,44.32
2201,ORD-00067,PROD-99999,0,2219.36,17.47
2202,ORD-00683,PROD-00196,2,2292.59,16.3
2203,ORD-00265,PROD-00073,5,629.57,21.31
2204,ORD-00420,PROD-00298,2,2389.91,8.72
2205,ORD-01310,PROD-00036,2,1007.26,23.25
2206,ORD-01025,PROD-00170,4,676.96,28.29
2207,ORD-00404,PROD-00266,7,1222.63,29.25
2208,ORD-00775,PROD-00158,4,2114.37,37.49
2209,ORD-01164,PROD-00158,2,2078.13,32.65
2210,ORD-00336,PROD-00010,3,2208.36,17.09
2211,ORD-00190,PROD-00031,-4,120.79,1.72
2212,ORD-00921,PROD-00066,2,1012.05,9.84
2213,ORD-00916,PROD-00280,7,1581.82,25.27
2214,ORD-00813,PROD-00023,2,1980.72,38.37
2215,ORD-00328,PROD-00134,6,348.82,7.67
2216,ORD-00733,PROD-00095,4,1962.41,39.79
2217,ORD-01209,PROD-00284,3,1260.56,39.34
2218,ORD-00384,PROD-00282,6,593.99,34.47
2219,ORD-01285,PROD-00167,4,113.08,5.89
2220,ORD-00949,PROD-00237,4,1910.31,2.35
2221,ORD-00618,PROD-00230,1,350.84,44.4
2222,ORD-00644,PROD-00089,7,1186.38,15.82
2223,ORD-00683,PROD-00030,5,1300.09,2.72
2224,ORD-00511,PROD-00203,2,490.38,13.5
2225,ORD-00604,PROD-00164,1,1482.38,16.4
2226,ORD-00145,PROD-00106,1,1912.23,11.72
2227,ORD-00673,PROD-00136,6,382.28,10.85
2228,ORD-00402,PROD-00280,6,539.62,34.69
2229,ORD-00955,PROD-00253,4,496.23,2.47
2230,ORD-01339,PROD-00116,1,154.54,31.99
2231,ORD-00875,PROD-00030,7,2365.32,29.35
2232,ORD-00144,PROD-00294,1,1565.28,4.25
2233,ORD-01120,PROD-00221,4,1909.39,28.19
2234,ORD-00798,PROD-00128,6,930.06,16.56
2235,ORD-00785,PROD-00191,6,57.37,42.44
2236,ORD-00478,PROD-00166,4,900.05,32.43
2237,ORD-01404,PROD-00098,5,1242.28,10.81
2238,ORD-00638,PROD-00005,1,198.41,28.77
2239,ORD-00551,PROD-00143,2,2379.54,15.88
2240,ORD-01279,PROD-00198,6,652.79,37.53
2241,ORD-00778,PROD-00218,3,1805.61,7.26
2242,ORD-00275,PROD-00079,7,834.09,0.06
2243,ORD-01243,PROD-00017,4,1786.77,13.17
2244,ORD-00222,PROD-00200,2,1313.59,23.77
2245,ORD-01194,PROD-00169,-4,1160.12,22.98
2246,ORD-01040,PROD-00289,1,2140.19,1.87
2247,ORD-01445,PROD-00155,7,600.69,27.02
2248,ORD-00023,PROD-00064,7,103.84,37.69
2249,ORD-00171,PROD-00086,7,1183.95,26.04
2250,ORD-01107,PROD-00024,7,729.05,36.56
2251,ORD-99999,PROD-00195,2,300.27,125.3
2252,ORD-01447,PROD-00194,3,1442.85,4.33
2253,ORD-00360,PROD-00113,4,489.03,17.74
2254,ORD-00097,PROD-00173,3,1196.74,8.54
2255,ORD-00772,PROD-00042,5,2463.11,4.1
2256,ORD-00594,PROD-00190,0,1774.07,21.07
2257,ORD-01307,PROD-00286,7,1666.76,34.27
2258,ORD-01461,PROD-00290,4,907.91,36.92
2259,ORD-00629,PROD-00084,7,201.59,11.97
2260,ORD-01078,PROD-00201,5,2232.66,15.5
2261,ORD-00671,PROD-00192,6,151.97,43.63
2262,ORD-01253,PROD-00210,3,684.74,9.19
2263,ORD-00912,PROD-00150,3,1213.68,19.29
2264,ORD-00900,PROD-00003,3,1415.83,35.46
2265,ORD-00391,PROD-00176,1,340.89,31.32
2266,ORD-00054,PROD-00074,5,2159.42,38.9
2267,ORD-00026,PROD-00091,7,672.09,35.47
2268,ORD-00560,PROD-00045,2,1743.2,43.47
2269,ORD-01150,PROD-00234,1,2345.11,1.38
2270,ORD-01103,PROD-00031,4,2210.15,39.3
2271,ORD-00159,PROD-00281,6,540.24,25.45
2272,ORD-00967,PROD-00108,2,661.59,19.86
2273,ORD-00478,PROD-00133,1,572.99,7.23
2274,ORD-00797,PROD-00271,4,1634.27,5.1
2275,ORD-00456,PROD-00265,6,1584.75,3.44
2276,ORD-00641,PROD-00126,4,552.71,41.97
2277,ORD-00651,PROD-00021,1,1063.99,1.27
2278,ORD-00389,PROD-00102,1,2171.5,17.57
2279,ORD-00660,PROD-00003,-1,1343.18,19.52
2280,ORD-00873,PROD-00226,7,2478.69,33.19
2281,ORD-01028,PROD-00253,2,1930.91,6.71
2282,ORD-01023,PROD-00006,4,742.57,25.87
2283,ORD-00542,PROD-00267,3,1502.63,3.89
2284,ORD-00330,PROD-00102,1,686.48,26.16
2285,ORD-01301,PROD-00112,5,1811.65,32.92
2286,ORD-00082,PROD-00193,1,1857.23,31.12
2287,ORD-01271,PROD-00174,4,544.74,29.16
2288,ORD-00019,PROD-00002,2,500.44,17.24
2289,ORD-01013,PROD-00006,2,1529.78,37.22
2290,ORD-01119,PROD-00199,2,1955.86,10.1
2291,ORD-00300,PROD-00077,7,311.0,34.07
2292,ORD-01254,PROD-00049,6,1769.19,4.56
2293,ORD-01001,PROD-00234,4,2169.31,26.68
2294,ORD-00890,PROD-00113,4,1972.81,41.29
2295,ORD-00115,PROD-00026,2,933.08,10.89
2296,ORD-00140,PROD-00081,5,1588.95,11.18
2297,ORD-01351,PROD-00069,3,665.84,11.75
2298,ORD-00446,PROD-00238,7,2065.58,0.39
2299,ORD-00808,PROD-00114,1,1167.34,17.92
2300,ORD-01095,PROD-00166,4,2406.7,2.56
2301,ORD-00964,PROD-99999,6,2314.81,25.21
2302,ORD-01314,PROD-00155,3,1914.47,17.69
2303,ORD-00524,PROD-00290,3,2043.68,40.79
2304,ORD-01219,PROD-00042,6,356.49,26.74
2305,ORD-01075,PROD-00024,6,2287.12,11.62
2306,ORD-00277,PROD-00176,5,560.33,10.73
2307,ORD-00988,PROD-00093,2,930.8,40.8
2308,ORD-00219,PROD-00091,6,2423.11,25.15
2309,ORD-01460,PROD-00222,6,1593.06,26.67
2310,ORD-00495,PROD-00202,1,2364.84,7.94
2311,ORD-01437,PROD-00249,0,915.16,19.35
2312,ORD-00265,PROD-00124,2,1748.62,41.7
2313,ORD-01100,PROD-00259,-3,978.12,33.71
2314,ORD-00553,PROD-00085,6,2479.81,3.53
2315,ORD-00692,PROD-00171,4,1886.03,17.68
2316,ORD-01404,PROD-00165,1,231.93,30.78
2317,ORD-00059,PROD-00245,5,2231.22,11.71
2318,ORD-01356,PROD-00213,4,100.42,37.46
2319,ORD-00013,PROD-00215,1,2170.64,28.28
2320,ORD-00039,PROD-00108,4,2085.93,35.2
2321,ORD-00035,PROD-00022,7,1509.33,4.43
2322,ORD-00423,PROD-00089,2,2097.88,37.74
2323,ORD-01197,PROD-00070,1,1627.02,21.78
2324,ORD-00591,PROD-00272,3,401.31,29.88
2325,ORD-00811,PROD-00250,2,2406.77,25.14
2326,ORD-01056,PROD-00148,2,1469.13,13.02
2327,ORD-01140,PROD-00162,3,59.63,39.69
2328,ORD-00997,PROD-00093,4,135.15,24.22
2329,ORD-01350,PROD-00160,1,1951.32,14.12
2330,ORD-01470,PROD-00263,1,1348.77,30.34
2331,ORD-00081,PROD-00028,6,2074.84,16.98
2332,ORD-01238,PROD-00166,6,1800.81,31.57
2333,ORD-00321,PROD-00231,5,745.71,22.52
2334,ORD-01157,PROD-00097,3,345.12,19.92
2335,ORD-00371,PROD-00101,3,2024.56,16.71
2336,ORD-00521,PROD-00020,4,1971.76,20.43
2337,ORD-00183,PROD-00244,1,1744.17,16.99
2338,ORD-00609,PROD-00064,2,306.75,5.58
2339,ORD-00038,PROD-00157,1,598.64,35.03
2340,ORD-00524,PROD-00259,4,1181.48,29.02
2341,ORD-00453,PROD-00132,3,2285.14,23.62
2342,ORD-00873,PROD-00276,7,2065.07,40.02
2343,ORD-00286,PROD-00292,7,676.83,41.08
2344,ORD-00385,PROD-00135,7,1581.33,1.34
2345,ORD-00346,PROD-00231,4,920.48,23.83
2346,ORD-01083,PROD-00284,4,1557.69,7.2
2347,ORD-00898,PROD-00166,-2,511.38,6.69
2348,ORD-00144,PROD-00292,4,2058.75,28.56
2349,ORD-00792,PROD-00006,3,576.81,37.38
2350,ORD-00603,PROD-00046,2,52.68,39.18
2351,ORD-00514,PROD-00284,6,1121.14,30.59
2352,ORD-00757,PROD-00206,5,1684.39,31.42
2353,ORD-00163,PROD-00107,6,416.8,16.25
2354,ORD-01367,PROD-00277,2,2105.45,11.5
2355,ORD-00103,PROD-00142,6,1002.0,29.41
2356,ORD-00357,PROD-00011,2,2404.17,32.8
2357,ORD-00215,PROD-00076,5,1425.14,22.24
2358,ORD-01036,PROD-00176,3,1153.34,21.33
2359,ORD-00878,PROD-00067,6,905.33,18.46
2360,ORD-01427,PROD-00109,2,166.95,33.29
2361,ORD-00118,PROD-00122,4,2039.22,19.84
2362,ORD-01124,PROD-00092,6,2269.82,29.57
2363,ORD-01370,PROD-00142,3,555.17,41.28
2364,ORD-00484,PROD-00026,4,1803.57,34.17
2365,ORD-00059,PROD-00293,4,858.09,36.59
2366,ORD-00129,PROD-00152,0,292.92,5.59
2367,ORD-00671,PROD-00006,5,2338.32,38.54
2368,ORD-00780,PROD-00044,3,98.72,42.24
2369,ORD-01469,PROD-00097,4,1070.41,13.46
2370,ORD-00171,PROD-00156,2,1774.72,34.62
2371,ORD-01308,PROD-00241,4,982.01,41.17
2372,ORD-00155,PROD-00067,6,2494.18,6.87
2373,ORD-00224,PROD-00026,2,1191.6,22.3
2374,ORD-00624,PROD-00053,3,1912.72,10.84
2375,ORD-01407,PROD-00176,7,2381.35,6.51
2376,ORD-99999,PROD-00078,6,2254.2,13.9
2377,ORD-00762,PROD-00218,3,1540.65,31.5
2378,ORD-01259,PROD-00248,6,397.13,17.41
2379,ORD-01057,PROD-00296,7,1286.35,16.23
2380,ORD-01181,PROD-00101,7,507.42,4.01
2381,ORD-00663,PROD-00009,-5,1737.37,1.79
2382,ORD-01160,PROD-00090,7,767.53,9.64
2383,ORD-01494,PROD-00145,3,2198.26,5.0
2384,ORD-00843,PROD-00250,7,2074.86,18.19
2385,ORD-00312,PROD-00153,5,1903.99,1.45
2386,ORD-00230,PROD-00259,5,2362.53,12.3
2387,ORD-00660,PROD-00285,7,2305.33,42.71
2388,ORD-00664,PROD-00194,7,1332.69,23.56
2389,ORD-01476,PROD-00148,6,1645.95,36.99
2390,ORD-00041,PROD-00297,4,823.92,25.23
2391,ORD-00090,PROD-00226,3,374.4,0.2
2392,ORD-00567,PROD-00095,1,675.12,37.21
2393,ORD-00119,PROD-00172,5,813.35,29.59
2394,ORD-00303,PROD-00008,4,1285.87,10.5
2395,ORD-00435,PROD-00086,4,643.65,6.17
2396,ORD-01161,PROD-00274,4,2031.86,40.75
2397,ORD-00704,PROD-00110,5,1167.22,25.79
2398,ORD-01320,PROD-00165,5,1105.73,5.85
2399,ORD-00586,PROD-00024,3,526.09,0.11
2400,ORD-00662,PROD-00058,1,1760.74,26.16
2401,ORD-01451,PROD-99999,4,2111.35,172.16
2402,ORD-00731,PROD-00055,7,300.64,32.25
2403,ORD-00451,PROD-00056,6,569.01,15.43
2404,ORD-00192,PROD-00078,5,732.0,21.28
2405,ORD-00527,PROD-00210,4,1752.34,15.08
2406,ORD-00312,PROD-00079,4,208.87,0.94
2407,ORD-00013,PROD-00160,4,1660.79,41.23
2408,ORD-01431,PROD-00134,2,2074.57,13.33
2409,ORD-00263,PROD-00238,1,531.77,25.91
2410,ORD-00995,PROD-00189,4,1594.08,23.87
2411,ORD-01019,PROD-00236,1,2356.78,6.18
2412,ORD-00119,PROD-00101,1,1753.7,1.65
2413,ORD-00616,PROD-00085,5,1223.95,19.32
2414,ORD-00058,PROD-00123,1,169.24,16.82
2415,ORD-00754,PROD-00238,-1,2225.08,7.07
2416,ORD-01269,PROD-00249,3,291.28,40.4
2417,ORD-00437,PROD-00187,3,1366.6,3.89
2418,ORD-00460,PROD-00122,2,215.77,34.75
2419,ORD-01493,PROD-00298,6,2434.51,29.58
2420,ORD-01119,PROD-00020,7,2440.34,43.91
2421,ORD-00495,PROD-00083,0,854.36,37.35
2422,ORD-00368,PROD-00092,2,2264.01,27.02
2423,ORD-00420,PROD-00176,7,1855.34,1.44
2424,ORD-00777,PROD-00089,7,502.14,4.34
2425,ORD-00171,PROD-00201,4,930.28,0.48
2426,ORD-00145,PROD-00101,5,1011.32,12.77
2427,ORD-00467,PROD-00275,1,1188.4,41.43
2428,ORD-00292,PROD-00030,4,761.76,31.61
2429,ORD-01420,PROD-00176,6,273.19,3.21
2430,ORD-01344,PROD-00150,5,1062.83,3.07
2431,ORD-00735,PROD-00069,7,2003.96,41.41
2432,ORD-01413,PROD-00076,1,521.83,6.18
2433,ORD-00575,PROD-00076,1,2462.33,39.71
2434,ORD-00367,PROD-00249,1,2406.33,27.61
2435,ORD-00872,PROD-00033,3,2156.03,7.68
2436,ORD-01229,PROD-00039,7,1832.76,12.64
2437,ORD-01327,PROD-00203,5,965.06,30.16
2438,ORD-00762,PROD-00149,3,1094.14,18.65
2439,ORD-00091,PROD-00299,5,2159.17,29.02
2440,ORD-01273,PROD-00005,4,1150.07,30.34
2441,ORD-00524,PROD-00066,6,1135.21,10.33
2442,ORD-00282,PROD-00077,1,1963.83,40.66
2443,ORD-00305,PROD-00109,2,631.36,31.98
2444,ORD-00040,PROD-00189,3,1297.34,37.76
2445,ORD-01059,PROD-00261,7,396.38,34.31
2446,ORD-00133,PROD-00242,7,974.0,22.06
2447,ORD-01113,PROD-00048,7,149.24,16.58
2448,ORD-01260,PROD-00062,4,631.53,38.46
2449,ORD-00843,PROD-00151,-3,269.55,10.07
2450,ORD-00046,PROD-00174,7,1071.7,32.58
2451,ORD-00665,PROD-00102,4,253.24,39.46
2452,ORD-00468,PROD-00131,3,1894.22,11.32
2453,ORD-01233,PROD-00210,2,595.04,12.12
2454,ORD-00709,PROD-00236,7,2239.99,6.91
2455,ORD-00428,PROD-00223,6,1646.54,17.68
2456,ORD-00571,PROD-00086,7,1265.46,19.24
2457,ORD-01275,PROD-00244,2,1766.68,24.06
2458,ORD-01429,PROD-00259,4,994.32,7.47
2459,ORD-00763,PROD-00124,7,2334.09,43.78
2460,ORD-00804,PROD-00058,3,1901.56,20.96
2461,ORD-00060,PROD-00244,2,206.07,43.1
2462,ORD-01419,PROD-00073,1,311.76,0.54
2463,ORD-00429,PROD-00004,3,1403.01,40.96
2464,ORD-00138,PROD-00287,5,1287.06,35.79
2465,ORD-00123,PROD-00161,2,1808.37,28.57
2466,ORD-00330,PROD-00156,1,1453.65,34.03
2467,ORD-00345,PROD-00220,1,2102.73,30.36
2468,ORD-01188,PROD-00035,6,1025.15,9.4
2469,ORD-01090,PROD-00160,6,1521.57,23.23
2470,ORD-01403,PROD-00220,5,782.75,43.16
2471,ORD-01425,PROD-00256,6,427.85,7.02
2472,ORD-01298,PROD-00263,4,898.5,2.77
2473,ORD-00736,PROD-00103,3,1757.17,18.31
2474,ORD-01295,PROD-00108,3,2462.97,30.62
2475,ORD-00692,PROD-00041,1,83.33,7.85
2476,ORD-00385,PROD-00248,0,801.71,9.52
2477,ORD-01292,PROD-00193,2,1620.75,43.72
2478,ORD-00310,PROD-00161,7,1719.9,5.1
2479,ORD-01444,PROD-00007,2,75.94,15.3
2480,ORD-00760,PROD-00247,5,342.23,16.76
2481,ORD-00764,PROD-00217,7,627.54,16.85
2482,ORD-00045,PROD-00104,6,2107.3,17.9
2483,ORD-00515,PROD-00258,-1,1913.55,0.83
2484,ORD-00116,PROD-00232,6,2381.14,25.17
2485,ORD-01023,PROD-00004,1,1584.6,30.07
2486,ORD-01066,PROD-00031,1,640.74,12.24
2487,ORD-00856,PROD-00293,3,692.19,3.87
2488,ORD-01378,PROD-00014,4,54.78,10.71
2489,ORD-00286,PROD-00228,4,2418.55,41.06
2490,ORD-00192,PROD-00247,4,1048.58,33.29
2491,ORD-01334,PROD-00228,1,2411.26,41.89
2492,ORD-00037,PROD-00287,2,1518.09,5.31
2493,ORD-01407,PROD-00156,2,183.82,41.75
2494,ORD-00442,PROD-00119,3,307.96,25.56
2495,ORD-00780,PROD-00294,4,191.51,23.27
2496,ORD-00943,PROD-00151,5,1734.59,1.57
2497,ORD-00978,PROD-00166,2,315.22,42.79
2498,ORD-01080,PROD-00172,1,855.92,32.07
2499,ORD-00150,PROD-00058,6,2447.08,8.02
2500,ORD-00686,PROD-00162,3,389.0,25.26
2501,ORD-99999,PROD-99999,7,1386.13,13.34
2502,ORD-00292,PROD-00210,4,201.68,24.46
2503,ORD-00037,PROD-00201,6,768.13,36.53
2504,ORD-00124,PROD-00119,7,688.61,19.79
2505,ORD-00035,PROD-00083,3,2162.88,25.51
2506,ORD-01345,PROD-00142,1,1172.11,1.47
2507,ORD-01026,PROD-00230,3,1093.8,1.31
2508,ORD-00392,PROD-00089,1,2235.77,11.17
2509,ORD-00199,PROD-00032,4,1891.8,33.44
2510,ORD-00020,PROD-00053,4,507.48,30.21
2511,ORD-01074,PROD-00130,7,1964.39,7.56
2512,ORD-01131,PROD-00108,3,135.75,0.42
2513,ORD-00444,PROD-00158,7,1119.96,4.11
2514,ORD-00452,PROD-00287,6,2296.28,1.37
2515,ORD-00084,PROD-00184,2,1797.73,40.06
2516,ORD-00792,PROD-00206,1,2007.11,6.86
2517,ORD-00873,PROD-00114,-1,346.31,19.54
2518,ORD-01437,PROD-00161,2,1417.7,34.36
2519,ORD-00068,PROD-00159,3,1761.94,26.85
2520,ORD-00894,PROD-00207,3,1174.68,1.87
2521,ORD-00278,PROD-00032,4,1338.24,14.85
2522,ORD-00471,PROD-00103,7,2406.73,2.36
2523,ORD-00928,PROD-00211,1,1455.02,43.24
2524,ORD-00023,PROD-00182,4,1979.6,25.34
2525,ORD-00734,PROD-00103,3,1347.71,40.22
2526,ORD-00898,PROD-00153,6,2027.6,25.89
2527,ORD-01211,PROD-00135,6,1816.94,0.75
2528,ORD-00632,PROD-00120,4,465.67,14.67
2529,ORD-00576,PROD-00024,5,1024.87,30.78
2530,ORD-00777,PROD-00021,4,441.41,28.19
2531,ORD-00776,PROD-00256,0,799.73,3.47
2532,ORD-00975,PROD-00042,1,686.17,2.4
2533,ORD-00936,PROD-00022,4,249.01,10.46
2534,ORD-01365,PROD-00051,1,1869.88,22.69
2535,ORD-01415,PROD-00133,1,772.51,31.41
2536,ORD-00027,PROD-00246,7,1763.37,39.71
2537,ORD-00690,PROD-00222,7,139.09,44.23
2538,ORD-00212,PROD-00112,6,1028.28,6.77
2539,ORD-00006,PROD-00109,3,579.55,7.79
2540,ORD-00371,PROD-00013,3,1577.32,9.55
2541,ORD-00108,PROD-00060,7,2259.18,39.49
2542,ORD-00050,PROD-00221,2,1999.96,16.62
2543,ORD-01078,PROD-00044,1,39.51,30.78
2544,ORD-01000,PROD-00260,4,1424.79,22.38
2545,ORD-00127,PROD-00273,4,34.57,25.23
2546,ORD-00926,PROD-00268,7,1053.82,42.07
2547,ORD-01062,PROD-00196,6,976.06,29.28
2548,ORD-00417,PROD-00045,5,2024.63,14.33
2549,ORD-00891,PROD-00141,3,1822.3,27.54
2550,ORD-00937,PROD-00102,5,465.56,25.05
2551,ORD-00113,PROD-00112,-3,2455.05,165.09
2552,ORD-01086,PROD-00250,3,2390.72,9.09
2553,ORD-01456,PROD-00264,2,2157.36,28.21
2554,ORD-01312,PROD-00212,4,115.87,15.98
2555,ORD-00958,PROD-00121,5,495.94,44.07
2556,ORD-00697,PROD-00201,2,2232.32,32.94
2557,ORD-00884,PROD-00183,4,1480.97,10.67
2558,ORD-00704,PROD-00121,3,1894.67,27.44
2559,ORD-01044,PROD-00066,7,571.45,1.77
2560,ORD-00846,PROD-00218,4,1456.16,40.48
2561,ORD-00366,PROD-00142,5,1427.97,15.22
2562,ORD-01117,PROD-00055,3,2475.05,10.65
2563,ORD-00787,PROD-00259,1,1882.38,37.2
2564,ORD-00511,PROD-00195,2,2033.02,30.29
2565,ORD-00079,PROD-00018,3,861.33,11.5
2566,ORD-00677,PROD-00246,5,1244.08,5.25
2567,ORD-00158,PROD-00138,6,935.01,7.76
2568,ORD-01104,PROD-00068,4,1020.6,24.9
2569,ORD-00322,PROD-00062,2,1287.67,40.9
2570,ORD-01182,PROD-00096,1,2165.37,31.34
2571,ORD-00325,PROD-00118,7,711.32,4.83
2572,ORD-00258,PROD-00181,4,1510.99,10.26
2573,ORD-00222,PROD-00246,3,530.07,9.77
2574,ORD-00164,PROD-00002,6,208.84,0.8
2575,ORD-01211,PROD-00125,7,2476.25,12.31
2576,ORD-00081,PROD-00009,2,1471.29,10.76
2577,ORD-00846,PROD-00048,5,2398.26,35.39
2578,ORD-01265,PROD-00065,2,77.55,35.57
2579,ORD-00927,PROD-00096,5,2052.53,24.57
2580,ORD-01392,PROD-00030,2,1977.72,30.68
2581,ORD-00651,PROD-00164,5,1936.5,33.42
2582,ORD-01125,PROD-00195,1,1382.02,37.92
2583,ORD-00958,PROD-00123,5,1312.54,4.79
2584,ORD-00791,PROD-00138,7,1584.57,4.53
2585,ORD-01256,PROD-00260,-2,554.52,2.53
2586,ORD-00476,PROD-00034,0,2457.87,40.34
2587,ORD-00237,PROD-00106,2,764.23,29.77
2588,ORD-00679,PROD-00040,5,2313.83,18.48
2589,ORD-00184,PROD-00103,4,592.61,40.16
2590,ORD-01277,PROD-00168,5,2075.18,29.22
2591,ORD-00674,PROD-00133,1,482.57,42.94
2592,ORD-00470,PROD-00203,3,492.93,34.54
2593,ORD-00062,PROD-00106,4,2111.68,29.63
2594,ORD-01120,PROD-00213,2,1814.16,3.98
2595,ORD-01130,PROD-00271,3,1568.72,39.61
2596,ORD-00493,PROD-00113,2,744.13,6.84
2597,ORD-00310,PROD-00173,3,281.27,38.22
2598,ORD-01131,PROD-00139,1,1738.83,44.38
2599,ORD-00851,PROD-00275,3,575.88,41.91
2600,ORD-00495,PROD-00129,3,1694.78,34.25
2601,ORD-01084,PROD-99999,7,1766.53,39.33
2602,ORD-00656,PROD-00295,4,1487.92,0.99
2603,ORD-00750,PROD-00232,3,522.86,19.38
2604,ORD-01009,PROD-00138,7,2061.61,9.47
2605,ORD-00271,PROD-00153,3,353.64,18.49
2606,ORD-00158,PROD-00165,7,1232.67,42.18
2607,ORD-00123,PROD-00173,6,184.98,21.26
2608,ORD-00023,PROD-00208,7,1012.35,3.65
2609,ORD-00896,PROD-00108,1,1965.89,44.53
2610,ORD-00948,PROD-00074,7,773.32,0.86
2611,ORD-00136,PROD-00194,2,269.44,31.46
2612,ORD-00787,PROD-00279,2,2271.95,12.18
2613,ORD-00350,PROD-00060,7,1146.1,29.44
2614,ORD-00757,PROD-00202,3,354.82,18.47
2615,ORD-00275,PROD-00092,5,1489.96,30.35
2616,ORD-00900,PROD-00031,2,1851.68,13.56
2617,ORD-00856,PROD-00045,6,1619.82,38.86
2618,ORD-00499,PROD-00027,4,1319.94,4.02
2619,ORD-00917,PROD-00074,-1,2407.76,18.73
2620,ORD-00037,PROD-00196,3,1333.27,8.16
2621,ORD-01464,PROD-00019,2,894.85,31.49
2622,ORD-00599,PROD-00278,3,1762.43,24.17
2623,ORD-01060,PROD-00089,4,2461.2,5.98
2624,ORD-00170,PROD-00070,2,755.43,22.08
2625,ORD-01213,PROD-00005,1,1767.09,17.25
2626,ORD-99999,PROD-00028,7,136.63,39.17
2627,ORD-00898,PROD-00252,3,2134.54,2.12
2628,ORD-00145,PROD-00261,1,1966.96,42.06
2629,ORD-00684,PROD-00222,4,560.91,36.94
2630,ORD-00194,PROD-00098,7,636.98,40.31
2631,ORD-00081,PROD-00132,4,297.52,25.17
2632,ORD-01402,PROD-00105,4,1670.4,33.62
2633,ORD-01239,PROD-00092,5,947.24,19.68
2634,ORD-01187,PROD-00227,6,902.08,34.34
2635,ORD-00924,PROD-00078,6,2478.56,11.72
2636,ORD-00549,PROD-00034,5,1623.4,18.42
2637,ORD-01125,PROD-00040,6,1016.48,33.25
2638,ORD-00245,PROD-00017,5,565.55,17.88
2639,ORD-00540,PROD-00155,2,2402.46,5.48
2640,ORD-00690,PROD-00204,6,1489.4,27.21
2641,ORD-01274,PROD-00039,0,1894.61,42.15
2642,ORD-01485,PROD-00041,2,354.03,8.7
2643,ORD-00375,PROD-00097,5,594.86,5.03
2644,ORD-00418,PROD-00135,7,1773.0,34.39
2645,ORD-01230,PROD-00075,2,1186.15,7.96
2646,ORD-00271,PROD-00047,6,805.95,22.34
2647,ORD-01345,PROD-00276,1,684.23,30.31
2648,ORD-01474,PROD-00068,6,989.13,26.96
2649,ORD-01036,PROD-00298,5,804.29,15.6
2650,ORD-00748,PROD-00020,5,1203.11,5.38
2651,ORD-00319,PROD-00251,1,142.62,13.32
2652,ORD-00623,PROD-00114,2,103.3,29.62
2653,ORD-00937,PROD-00090,-1,1069.85,33.67
2654,ORD-00573,PROD-00237,3,1708.69,27.61
2655,ORD-00580,PROD-00065,5,382.72,4.47
2656,ORD-00150,PROD-00093,5,1801.76,43.84
2657,ORD-00973,PROD-00277,5,204.8,28.53
2658,ORD-00291,PROD-00187,1,98.04,0.36
2659,ORD-01250,PROD-00155,6,2352.43,42.95
2660,ORD-01178,PROD-00160,6,210.68,43.82
2661,ORD-00998,PROD-00240,4,2104.7,10.34
2662,ORD-00387,PROD-00131,7,926.67,21.08
2663,ORD-00803,PROD-00294,6,296.87,2.19
2664,ORD-00666,PROD-00236,7,306.51,13.1
2665,ORD-00847,PROD-00056,1,716.64,4.31
2666,ORD-00183,PROD-00268,1,1739.37,19.67
2667,ORD-00437,PROD-00197,1,1490.26,12.41
2668,ORD-00098,PROD-00244,6,1323.94,3.09
2669,ORD-00916,PROD-00041,3,259.28,12.23
2670,ORD-00852,PROD-00250,5,2050.76,12.73
2671,ORD-00939,PROD-00211,7,2235.01,6.54
2672,ORD-01271,PROD-00270,4,950.15,0.69
2673,ORD-00352,PROD-00212,2,1171.49,18.67
2674,ORD-00474,PROD-00061,7,275.12,6.14
2675,ORD-00388,PROD-00290,5,1301.13,5.82
2676,ORD-00460,PROD-00152,1,1731.0,29.67
2677,ORD-00495,PROD-00298,4,1425.63,16.42
2678,ORD-01225,PROD-00278,5,309.59,29.9
2679,ORD-00812,PROD-00260,6,570.23,3.86
2680,ORD-00682,PROD-00127,7,682.98,32.31
2681,ORD-00952,PROD-00265,4,926.35,32.17
2682,ORD-00156,PROD-00269,2,1260.9,7.18
2683,ORD-01368,PROD-00282,4,1205.94,43.26
2684,ORD-00384,PROD-00054,5,2033.53,4.96
2685,ORD-00045,PROD-00058,1,389.36,10.2
2686,ORD-01310,PROD-00165,3,301.28,11.26
2687,ORD-00504,PROD-00288,-2,241.0,42.38
2688,ORD-01005,PROD-00192,6,2468.28,36.88
2689,ORD-00023,PROD-00198,1,2082.36,39.09
2690,ORD-00039,PROD-00042,1,1264.51,8.11
2691,ORD-00553,PROD-00268,4,1454.77,0.43
2692,ORD-00383,PROD-00115,4,671.53,12.99
2693,ORD-01355,PROD-00190,1,918.82,6.22
2694,ORD-01279,PROD-00272,1,1180.83,25.06
2695,ORD-00004,PROD-00201,4,563.55,42.97
2696,ORD-00257,PROD-00104,0,313.26,20.4
2697,ORD-01250,PROD-00243,4,1729.53,33.63
2698,ORD-01289,PROD-00030,7,2130.43,4.69
2699,ORD-00433,PROD-00179,7,2144.51,41.63
2700,ORD-00328,PROD-00224,2,1635.18,4.34
2701,ORD-01354,PROD-99999,7,1764.46,176.71
2702,ORD-01037,PROD-00079,3,1334.44,40.33
2703,ORD-00356,PROD-00111,3,850.87,18.9
2704,ORD-00700,PROD-00062,4,1041.26,16.07
2705,ORD-00063,PROD-00133,7,1622.19,14.67
2706,ORD-01099,PROD-00056,3,2281.89,5.6
2707,ORD-01018,PROD-00261,1,1054.11,17.91
2708,ORD-00226,PROD-00145,1,952.65,4.83
2709,ORD-00466,PROD-00265,2,2413.56,28.13
2710,ORD-01220,PROD-00089,2,1278.83,25.12
2711,ORD-00514,PROD-00145,6,2375.15,42.96
2712,ORD-01062,PROD-00268,6,1483.04,42.85
2713,ORD-01213,PROD-00086,2,1477.91,12.9
2714,ORD-00242,PROD-00179,1,1557.64,28.17
2715,ORD-01033,PROD-00267,4,1354.24,12.43
2716,ORD-00613,PROD-00062,4,1600.27,25.47
2717,ORD-00269,PROD-00247,4,1548.95,38.22
2718,ORD-01458,PROD-00116,4,651.09,10.26
2719,ORD-00192,PROD-00247,3,905.78,21.13
2720,ORD-00320,PROD-00261,7,1594.41,30.83
2721,ORD-00203,PROD-00276,-5,216.49,31.35
2722,ORD-00403,PROD-00047,4,41.1,14.37
2723,ORD-00124,PROD-00098,4,1358.8,17.45
2724,ORD-01383,PROD-00023,1,2280.06,16.59
2725,ORD-00757,PROD-00045,4,1520.56,4.87
2726,ORD-00466,PROD-00019,6,2327.68,43.71
2727,ORD-00607,PROD-00033,1,1824.96,5.94
2728,ORD-01211,PROD-00080,4,1239.53,4.19
2729,ORD-00670,PROD-00124,2,1806.75,23.73
2730,ORD-00036,PROD-00104,4,807.76,43.69
2731,ORD-00366,PROD-00280,6,662.03,8.24
2732,ORD-01316,PROD-00261,3,1630.44,13.94
2733,ORD-00139,PROD-00217,1,2388.28,32.69
2734,ORD-01156,PROD-00099,2,1137.49,1.27
2735,ORD-01162,PROD-00234,3,1725.02,26.74
2736,ORD-01254,PROD-00037,7,36.68,41.26
2737,ORD-00941,PROD-00132,6,630.63,20.72
2738,ORD-01452,PROD-00209,3,1517.49,29.03
2739,ORD-00225,PROD-00109,3,503.45,10.04
2740,ORD-00982,PROD-00026,2,1537.19,16.04
2741,ORD-00046,PROD-00040,3,1385.79,20.59
2742,ORD-00790,PROD-00158,7,1370.44,2.73
2743,ORD-00447,PROD-00019,1,913.19,26.79
2744,ORD-00365,PROD-00297,1,884.88,22.92
2745,ORD-01496,PROD-00082,7,2283.54,30.31
2746,ORD-00229,PROD-00219,7,579.95,10.64
2747,ORD-01067,PROD-00273,3,2024.14,19.86
2748,ORD-00838,PROD-00045,5,1672.41,13.27
2749,ORD-00179,PROD-00253,7,498.47,32.53
2750,ORD-00963,PROD-00165,3,506.41,19.1
2751,ORD-99999,PROD-00002,0,1523.86,7.71
2752,ORD-00377,PROD-00016,3,1938.24,4.28
2753,ORD-00132,PROD-00235,3,1047.06,29.47
2754,ORD-00336,PROD-00196,6,1086.65,19.59
2755,ORD-00608,PROD-00289,-4,2050.65,7.65
2756,ORD-00025,PROD-00041,5,563.79,10.06
2757,ORD-00951,PROD-00127,3,2121.82,38.58
2758,ORD-00149,PROD-00041,6,1351.98,8.63
2759,ORD-01024,PROD-00156,3,2429.78,16.06
2760,ORD-00023,PROD-00091,7,2205.49,1.13
2761,ORD-00989,PROD-00199,7,2095.29,9.28
2762,ORD-00167,PROD-00082,6,52.5,35.61
2763,ORD-00516,PROD-00269,3,509.12,20.09
2764,ORD-00191,PROD-00061,5,1465.03,3.18
2765,ORD-00738,PROD-00259,4,2308.77,36.67
2766,ORD-00390,PROD-00003,7,2436.54,40.12
2767,ORD-00038,PROD-00009,2,1401.46,1.47
2768,ORD-00182,PROD-00258,3,1102.32,40.98
2769,ORD-01277,PROD-00024,5,1893.16,4.61
2770,ORD-01428,PROD-00096,7,73.64,41.3
2771,ORD-01024,PROD-00007,5,574.08,23.83
2772,ORD-00704,PROD-00045,4,1435.92,42.86
2773,ORD-00763,PROD-00001,7,407.54,14.36
2774,ORD-00810,PROD-00180,5,1319.68,44.22
2775,ORD-00501,PROD-00243,6,1275.5,26.85
2776,ORD-01406,PROD-00072,5,1329.35,44.79
2777,ORD-01352,PROD-00130,7,2082.4,12.55
2778,ORD-00956,PROD-00168,1,2259.41,43.65
2779,ORD-00624,PROD-00077,6,1333.01,22.6
2780,ORD-00458,PROD-00189,7,1486.14,40.02
2781,ORD-00220,PROD-00282,7,2052.62,39.35
2782,ORD-00530,PROD-00083,2,650.18,10.94
2783,ORD-00199,PROD-00043,5,1291.81,23.9
2784,ORD-00621,PROD-00065,4,894.62,6.29
2785,ORD-01125,PROD-00093,4,279.62,44.33
2786,ORD-00882,PROD-00204,6,2400.34,34.83
2787,ORD-00404,PROD-00062,5,2129.84,42.96
2788,ORD-00956,PROD-00117,6,1579.02,8.72
2789,ORD-00256,PROD-00049,-5,868.73,30.23
2790,ORD-00538,PROD-00241,3,1828.32,21.93
2791,ORD-00689,PROD-00155,2,85.66,21.04
2792,ORD-00410,PROD-00044,2,1739.93,5.54
2793,ORD-01432,PROD-00046,3,1255.91,7.97
2794,ORD-01171,PROD-00200,3,1177.01,14.11
2795,ORD-01125,PROD-00226,7,2046.09,14.07
2796,ORD-00850,PROD-00126,7,2414.59,20.0
2797,ORD-00253,PROD-00249,6,1940.12,29.46
2798,ORD-00378,PROD-00192,5,1264.36,35.33
2799,ORD-00049,PROD-00162,5,609.85,43.52
2800,ORD-00078,PROD-00298,7,1282.17,16.79
2801,ORD-00219,PROD-99999,6,1485.28,41.01
2802,ORD-00422,PROD-00208,4,1733.61,14.37
2803,ORD-00610,PROD-00072,6,1984.38,17.55
2804,ORD-01173,PROD-00137,5,909.66,42.87
2805,ORD-00117,PROD-00095,2,584.79,27.64
2806,ORD-00692,PROD-00034,0,109.7,37.37
2807,ORD-00945,PROD-00104,1,566.79,16.42
2808,ORD-00925,PROD-00143,2,1232.82,34.73
2809,ORD-00684,PROD-00080,7,1912.88,28.61
2810,ORD-00074,PROD-00286,1,2394.51,21.55
2811,ORD-01475,PROD-00155,1,2237.3,27.43
2812,ORD-00447,PROD-00250,7,1660.49,25.03
2813,ORD-00647,PROD-00019,3,862.05,33.75
2814,ORD-01405,PROD-00060,3,60.44,34.7
2815,ORD-00214,PROD-00179,5,148.83,40.16
2816,ORD-00076,PROD-00022,5,1553.46,6.65
2817,ORD-01352,PROD-00059,2,1456.23,4.0
2818,ORD-01166,PROD-00296,6,1789.86,3.1
2819,ORD-00107,PROD-00175,1,226.43,3.76
2820,ORD-00997,PROD-00189,6,927.66,12.0
2821,ORD-01092,PROD-00299,6,1372.32,44.34
2822,ORD-00740,PROD-00018,1,1034.69,19.06
2823,ORD-00249,PROD-00060,-1,2267.14,43.97
2824,ORD-00727,PROD-00234,6,358.68,7.79
2825,ORD-00319,PROD-00006,2,442.71,31.66
2826,ORD-01154,PROD-00093,4,2235.04,24.5
2827,ORD-01328,PROD-00085,1,1069.13,29.72
2828,ORD-00054,PROD-00104,6,1381.72,36.96
2829,ORD-01120,PROD-00104,3,241.11,38.06
2830,ORD-00135,PROD-00026,6,2180.34,19.61
2831,ORD-00799,PROD-00276,4,191.61,5.56
2832,ORD-00611,PROD-00068,1,2482.18,28.15
2833,ORD-01189,PROD-00193,1,1218.96,5.0
2834,ORD-01380,PROD-00137,5,1233.53,35.08
2835,ORD-00723,PROD-00071,7,2187.93,0.47
2836,ORD-00786,PROD-00142,3,2428.96,9.55
2837,ORD-01169,PROD-00177,3,709.18,40.94
2838,ORD-01082,PROD-00183,1,1062.95,25.44
2839,ORD-00738,PROD-00157,6,702.35,13.88
2840,ORD-00272,PROD-00102,3,301.25,16.86
2841,ORD-00934,PROD-00046,6,911.19,39.17
2842,ORD-01183,PROD-00283,7,384.49,36.54
2843,ORD-00678,PROD-00297,1,1878.55,44.88
2844,ORD-00099,PROD-00259,5,389.33,8.81
2845,ORD-00120,PROD-00131,5,1974.29,2.44
2846,ORD-00029,PROD-00087,1,334.03,0.45
2847,ORD-00375,PROD-00194,6,1572.56,29.13
2848,ORD-00713,PROD-00066,4,1164.37,10.73
2849,ORD-01250,PROD-00272,4,736.12,27.53
2850,ORD-01448,PROD-00245,5,2332.72,31.88
2851,ORD-00038,PROD-00015,1,1862.13,132.33
2852,ORD-00226,PROD-00182,5,2245.64,38.03
2853,ORD-00460,PROD-00022,2,1748.04,31.01
2854,ORD-01347,PROD-00228,6,2087.66,44.39
2855,ORD-01406,PROD-00257,5,377.62,12.31
2856,ORD-01459,PROD-00128,6,1017.42,33.24
2857,ORD-01164,PROD-00176,-5,1391.27,36.05
2858,ORD-01429,PROD-00096,3,2307.48,22.66
2859,ORD-00109,PROD-00140,5,813.98,0.58
2860,ORD-00449,PROD-00242,5,2254.68,38.36
2861,ORD-01447,PROD-00120,0,2258.56,24.21
2862,ORD-00132,PROD-00221,6,864.09,31.31
2863,ORD-00728,PROD-00042,4,1589.59,43.69
2864,ORD-01279,PROD-00083,5,242.37,2.31
2865,ORD-00590,PROD-00071,3,1316.7,30.16
2866,ORD-00907,PROD-00234,6,456.62,12.18
2867,ORD-00387,PROD-00044,1,2388.22,43.03
2868,ORD-01410,PROD-00088,1,2038.56,0.76
2869,ORD-00896,PROD-00202,5,2156.85,24.74
2870,ORD-00430,PROD-00089,6,2294.48,41.93
2871,ORD-00128,PROD-00144,3,329.76,4.54
2872,ORD-00578,PROD-00238,7,2376.86,18.2
2873,ORD-00948,PROD-00233,3,572.39,22.3
2874,ORD-00635,PROD-00073,7,1233.24,36.64
2875,ORD-00367,PROD-00270,5,1140.19,24.62
2876,ORD-99999,PROD-00241,6,1829.16,20.79
2877,ORD-00350,PROD-00170,4,2169.91,6.24
2878,ORD-00103,PROD-00270,7,161.8,33.87
2879,ORD-00313,PROD-00190,4,1942.63,41.52
2880,ORD-01266,PROD-00140,4,1533.49,9.71
2881,ORD-01152,PROD-00119,6,625.14,17.4
2882,ORD-00370,PROD-00136,2,1860.29,16.08
2883,ORD-00847,PROD-00289,3,1154.99,14.83
2884,ORD-01297,PROD-00120,3,2255.0,5.41
2885,ORD-00700,PROD-00179,6,1187.21,11.15
2886,ORD-00584,PROD-00215,5,839.66,7.26
2887,ORD-01084,PROD-00121,4,843.07,0.1
2888,ORD-01066,PROD-00069,3,1933.9,43.31
2889,ORD-01432,PROD-00132,4,1743.45,6.69
2890,ORD-01185,PROD-00077,5,1348.32,5.14
2891,ORD-01264,PROD-00181,-4,1035.95,39.49
2892,ORD-00856,PROD-00123,6,1341.35,28.25
2893,ORD-00336,PROD-00216,7,1025.25,1.11
2894,ORD-00617,PROD-00146,4,317.02,32.63
2895,ORD-00205,PROD-00288,4,890.59,3.55
2896,ORD-01380,PROD-00086,4,808.1,39.88
2897,ORD-01153,PROD-00281,1,1041.09,32.19
2898,ORD-00201,PROD-00175,5,595.07,33.48
2899,ORD-01466,PROD-00055,1,214.31,21.86
2900,ORD-01069,PROD-00075,4,1401.32,43.44
2901,ORD-01230,PROD-99999,4,812.15,40.8
2902,ORD-01356,PROD-00277,4,1880.53,36.69
2903,ORD-00420,PROD-00109,7,1921.97,27.13
2904,ORD-00629,PROD-00041,3,2238.46,12.26
2905,ORD-00187,PROD-00296,7,1408.63,13.57
2906,ORD-00326,PROD-00151,2,830.49,32.09
2907,ORD-00975,PROD-00004,5,2069.4,28.99
2908,ORD-00174,PROD-00001,1,909.19,4.81
2909,ORD-00142,PROD-00271,4,1251.27,10.46
2910,ORD-00034,PROD-00211,6,653.57,26.57
2911,ORD-00648,PROD-00275,5,877.44,34.69
2912,ORD-00274,PROD-00092,3,2371.13,23.97
2913,ORD-01466,PROD-00112,1,2488.26,9.58
2914,ORD-01430,PROD-00105,7,2074.99,17.17
2915,ORD-00612,PROD-00075,2,954.16,19.24
2916,ORD-00830,PROD-00008,0,1361.85,38.79
2917,ORD-00280,PROD-00213,3,2151.22,10.03
2918,ORD-00940,PROD-00292,1,1753.75,4.66
2919,ORD-00302,PROD-00126,3,2335.73,34.88
2920,ORD-01281,PROD-00120,5,634.68,36.35
2921,ORD-00559,PROD-00100,6,778.46,28.22
2922,ORD-00563,PROD-00066,5,671.06,13.9
2923,ORD-00328,PROD-00263,6,1015.0,3.63
2924,ORD-01427,PROD-00234,2,1528.02,31.05
2925,ORD-01463,PROD-00178,-1,777.81,16.2
2926,ORD-00537,PROD-00010,4,2122.95,35.81
2927,ORD-01024,PROD-00063,1,1090.79,19.5
2928,ORD-00397,PROD-00145,2,2364.94,29.45
2929,ORD-00524,PROD-00226,7,453.65,35.19
2930,ORD-00645,PROD-00289,3,2211.87,21.18
2931,ORD-00800,PROD-00083,3,708.17,13.97
2932,ORD-00850,PROD-00251,4,895.61,40.47
2933,ORD-00191,PROD-00230,7,2189.88,19.41
2934,ORD-01476,PROD-00101,4,1239.76,4.39
2935,ORD-01154,PROD-00009,3,63.86,1.16
2936,ORD-00536,PROD-00066,5,879.21,1.81
2937,ORD-00153,PROD-00089,3,111.44,41.64
2938,ORD-00325,PROD-00092,5,2129.47,19.68
2939,ORD-01105,PROD-00049,4,335.58,23.6
2940,ORD-00196,PROD-00221,2,1935.38,10.44
2941,ORD-00581,PROD-00030,6,2399.67,14.64
2942,ORD-01490,PROD-00271,1,2263.68,37.02
2943,ORD-00358,PROD-00114,6,2132.07,19.68
2944,ORD-01309,PROD-00044,5,1844.7,30.77
2945,ORD-01436,PROD-00035,2,2064.02,0.35
2946,ORD-01487,PROD-00188,4,1719.96,5.67
2947,ORD-00509,PROD-00297,1,1415.29,7.19
2948,ORD-00191,PROD-00265,6,155.84,6.95
2949,ORD-00740,PROD-00110,2,1424.92,44.24
2950,ORD-01291,PROD-00256,3,1125.76,16.29
2951,ORD-00336,PROD-00100,5,1383.63,1.67
2952,ORD-00871,PROD-00286,7,416.13,16.43
2953,ORD-00652,PROD-00203,4,2320.89,13.11
2954,ORD-01474,PROD-00122,5,346.74,11.66
2955,ORD-00469,PROD-00245,4,1371.82,11.8
2956,ORD-00717,PROD-00032,3,1252.05,24.82
2957,ORD-00490,PROD-00202,1,1087.43,24.25
2958,ORD-00607,PROD-00076,4,185.07,24.11
2959,ORD-01364,PROD-00115,-5,2045.25,13.88
2960,ORD-00368,PROD-00161,4,533.03,11.53
2961,ORD-00312,PROD-00244,2,1737.76,41.5
2962,ORD-00447,PROD-00130,6,1658.02,33.35
2963,ORD-00403,PROD-00168,2,455.95,24.26
2964,ORD-01457,PROD-00169,5,2016.71,13.64
2965,ORD-00146,PROD-00201,4,694.82,21.78
2966,ORD-01124,PROD-00220,3,1116.11,38.7
2967,ORD-00123,PROD-00235,3,1228.92,8.12
2968,ORD-00692,PROD-00022,4,2199.12,17.56
2969,ORD-00397,PROD-00105,2,230.66,5.07
2970,ORD-00540,PROD-00142,3,2224.37,28.87
2971,ORD-00605,PROD-00113,0,2260.75,37.15
2972,ORD-00817,PROD-00195,1,1345.94,20.98
2973,ORD-01020,PROD-00298,3,1732.87,35.86
2974,ORD-00624,PROD-00208,3,287.19,28.37
2975,ORD-00937,PROD-00158,5,2438.9,16.68
2976,ORD-00947,PROD-00143,2,2487.16,31.5
2977,ORD-00360,PROD-00282,5,1561.04,3.59
2978,ORD-00893,PROD-00237,7,1165.1,4.14
2979,ORD-00694,PROD-00179,7,365.55,33.13
2980,ORD-00971,PROD-00172,1,2198.27,17.68
2981,ORD-01368,PROD-00130,5,1992.25,10.86
2982,ORD-01291,PROD-00116,3,330.95,1.28
2983,ORD-00384,PROD-00271,7,821.97,22.29
2984,ORD-00368,PROD-00054,3,2309.35,38.28
2985,ORD-00167,PROD-00138,7,1672.25,2.14
2986,ORD-00362,PROD-00087,5,1955.21,35.76
2987,ORD-00180,PROD-00190,5,1583.36,18.51
2988,ORD-01165,PROD-00164,3,318.53,22.01
2989,ORD-01064,PROD-00154,5,468.25,40.0
2990,ORD-01086,PROD-00007,3,1954.39,15.07
2991,ORD-01234,PROD-00183,2,2363.19,39.72
2992,ORD-00358,PROD-00146,4,247.23,37.23
2993,ORD-00858,PROD-00297,-3,506.28,24.09
2994,ORD-00331,PROD-00165,2,289.23,4.27
2995,ORD-00521,PROD-00238,7,417.17,2.5
2996,ORD-01333,PROD-00066,4,1591.95,36.49
2997,ORD-00929,PROD-00067,6,2437.3,2.06
2998,ORD-01476,PROD-00085,3,1714.07,26.21
2999,ORD-00420,PROD-00032,5,914.07,26.77
3000,ORD-00819,PROD-00288,7,2408.8,40.55
3001,ORD-99999,PROD-99999,6,1124.03,156.19
3002,ORD-01090,PROD-00134,1,1766.5,41.52
3003,ORD-00290,PROD-00014,2,1130.56,15.71
3004,ORD-01370,PROD-00020,5,1951.47,44.42
3005,ORD-00047,PROD-00248,7,287.82,28.48
3006,ORD-01041,PROD-00271,4,348.48,40.93
3007,ORD-01111,PROD-00008,1,1816.73,45.0
3008,ORD-01125,PROD-00110,4,1839.75,16.48
3009,ORD-00988,PROD-00071,2,993.86,30.47
3010,ORD-00104,PROD-00033,5,2194.47,33.38
3011,ORD-01048,PROD-00280,1,1447.74,40.9
3012,ORD-00306,PROD-00215,4,210.18,22.18
3013,ORD-00703,PROD-00012,5,1455.59,23.49
3014,ORD-00192,PROD-00267,4,1073.55,0.83
3015,ORD-00470,PROD-00024,7,645.78,24.82
3016,ORD-01115,PROD-00089,4,567.37,0.11
3017,ORD-00434,PROD-00117,2,1152.42,30.9
3018,ORD-01276,PROD-00107,3,510.09,14.36
3019,ORD-00233,PROD-00064,1,303.17,21.11
3020,ORD-00004,PROD-00251,3,86.1,11.08
3021,ORD-00670,PROD-00261,4,1325.77,11.57
3022,ORD-00928,PROD-00062,6,1607.27,42.76
3023,ORD-00235,PROD-00081,2,2399.45,35.82
3024,ORD-00916,PROD-00158,2,276.3,18.9
3025,ORD-00156,PROD-00063,4,1290.38,19.18
3026,ORD-01473,PROD-00008,0,451.87,15.19
3027,ORD-00996,PROD-00164,-1,1737.75,25.34
3028,ORD-00660,PROD-00282,2,603.12,19.09
3029,ORD-00932,PROD-00001,7,1533.8,9.39
3030,ORD-01171,PROD-00287,4,1804.91,37.47
3031,ORD-00684,PROD-00078,4,1562.75,16.1
3032,ORD-01308,PROD-00200,7,919.96,31.04
3033,ORD-00857,PROD-00035,2,711.76,16.02
3034,ORD-01056,PROD-00273,4,1389.76,30.0
3035,ORD-01104,PROD-00248,4,1891.14,30.1
3036,ORD-00026,PROD-00174,2,950.51,40.64
3037,ORD-01104,PROD-00163,5,1529.72,24.55
3038,ORD-00870,PROD-00241,2,1095.98,38.85
3039,ORD-00371,PROD-00278,7,1737.03,40.89
3040,ORD-00406,PROD-00030,2,763.83,36.65
3041,ORD-01468,PROD-00152,1,1221.47,16.63
3042,ORD-01376,PROD-00170,1,2415.8,0.37
3043,ORD-00717,PROD-00131,4,1732.17,16.97
3044,ORD-00504,PROD-00209,1,2397.48,33.59
3045,ORD-01017,PROD-00240,7,282.47,18.88
3046,ORD-00329,PROD-00179,6,1266.93,32.93
3047,ORD-00350,PROD-00050,2,1835.0,26.55
3048,ORD-00710,PROD-00074,2,655.98,42.95
3049,ORD-00587,PROD-00209,1,813.36,1.2
3050,ORD-01122,PROD-00242,3,1882.57,39.5
3051,ORD-00051,PROD-00294,2,663.16,18.27
3052,ORD-00123,PROD-00101,3,347.95,32.73
3053,ORD-01127,PROD-00265,3,1668.88,7.82
3054,ORD-00793,PROD-00278,5,214.26,24.76
3055,ORD-00547,PROD-00225,6,2064.58,17.56
3056,ORD-01354,PROD-00256,6,406.28,28.6
3057,ORD-01243,PROD-00236,1,335.13,3.5
3058,ORD-01366,PROD-00198,4,763.57,35.2
3059,ORD-01454,PROD-00166,4,2394.25,30.68
3060,ORD-01016,PROD-00144,3,950.5,8.91
3061,ORD-01259,PROD-00200,-1,1149.78,30.92
3062,ORD-00535,PROD-00166,2,2127.05,28.33
3063,ORD-00913,PROD-00024,7,525.26,10.02
3064,ORD-01016,PROD-00131,3,446.34,35.66
3065,ORD-00182,PROD-00293,5,425.28,41.72
3066,ORD-00868,PROD-00072,1,884.02,0.06
3067,ORD-01326,PROD-00022,3,1981.27,33.47
3068,ORD-01264,PROD-00053,7,271.5,19.95
3069,ORD-00493,PROD-00013,6,1741.02,32.73
3070,ORD-00300,PROD-00195,4,1877.1,20.92
3071,ORD-00924,PROD-00003,2,2083.09,9.39
3072,ORD-00656,PROD-00262,1,1250.63,0.39
3073,ORD-00575,PROD-00275,5,1582.9,35.64
3074,ORD-01283,PROD-00268,6,37.35,4.32
3075,ORD-00648,PROD-00168,6,343.96,34.79
3076,ORD-01239,PROD-00209,3,2155.87,12.72
3077,ORD-00136,PROD-00052,7,1530.07,11.5
3078,ORD-00660,PROD-00161,4,113.75,14.85
3079,ORD-00167,PROD-00065,3,2156.08,17.14
3080,ORD-00278,PROD-00084,1,387.59,8.84
3081,ORD-00435,PROD-00154,0,1674.73,39.94
3082,ORD-00755,PROD-00060,5,2057.29,33.92
3083,ORD-00162,PROD-00293,6,42.73,12.08
3084,ORD-01455,PROD-00119,7,1322.88,28.56
3085,ORD-01311,PROD-00219,5,2113.75,12.63
3086,ORD-00051,PROD-00085,3,1216.08,29.92
3087,ORD-00816,PROD-00300,5,793.26,3.49
3088,ORD-00769,PROD-00030,3,1958.19,13.99
3089,ORD-00639,PROD-00293,6,2150.4,6.01
3090,ORD-00757,PROD-00203,1,479.84,34.72
3091,ORD-00428,PROD-00269,5,701.2,25.96
3092,ORD-00850,PROD-00242,7,907.57,11.45
3093,ORD-00154,PROD-00202,2,916.63,31.5
3094,ORD-00695,PROD-00118,4,1440.98,7.61
3095,ORD-00438,PROD-00056,-5,738.87,8.25
3096,ORD-00316,PROD-00166,7,1432.44,25.89
3097,ORD-01140,PROD-00182,4,1416.7,19.06
3098,ORD-00305,PROD-00295,3,168.39,39.36
3099,ORD-00586,PROD-00241,6,493.55,27.43
3100,ORD-00540,PROD-00131,6,206.95,39.65
3101,ORD-00378,PROD-99999,7,1272.09,24.1
3102,ORD-01359,PROD-00053,3,1953.03,35.63
3103,ORD-00302,PROD-00234,7,2362.19,10.67
3104,ORD-00920,PROD-00229,6,1292.04,36.25
3105,ORD-00620,PROD-00098,5,427.06,22.15
3106,ORD-00438,PROD-00296,4,1971.47,8.29
3107,ORD-00442,PROD-00246,3,26.91,32.63
3108,ORD-00219,PROD-00260,7,2235.09,7.3
3109,ORD-00046,PROD-00116,6,247.06,35.88
3110,ORD-00195,PROD-00144,6,1823.85,38.87
3111,ORD-01131,PROD-00216,5,1876.35,16.64
3112,ORD-00005,PROD-00077,2,1506.06,43.58
3113,ORD-00324,PROD-00134,4,325.61,16.98
3114,ORD-00091,PROD-00024,1,703.86,9.58
3115,ORD-00431,PROD-00127,5,1284.4,38.57
3116,ORD-01257,PROD-00092,3,1439.23,9.86
3117,ORD-00286,PROD-00143,2,1311.41,28.14
3118,ORD-00885,PROD-00079,6,2300.64,8.46
3119,ORD-00833,PROD-00076,5,2264.42,5.9
3120,ORD-01068,PROD-00060,6,416.21,0.31
3121,ORD-00890,PROD-00278,7,1556.54,22.8
3122,ORD-00697,PROD-00120,6,2116.1,31.93
3123,ORD-00767,PROD-00292,1,1660.22,28.08
3124,ORD-00148,PROD-00183,4,163.09,22.53
3125,ORD-00049,PROD-00147,3,2111.31,0.66
3126,ORD-99999,PROD-00094,6,1451.53,35.47
3127,ORD-01420,PROD-00095,4,2424.99,37.69
3128,ORD-00186,PROD-00184,1,1759.87,3.58
3129,ORD-00757,PROD-00213,-5,610.5,29.72
3130,ORD-00800,PROD-00110,5,1724.41,40.53
3131,ORD-01155,PROD-00097,7,1188.23,1.54
3132,ORD-01340,PROD-00123,1,897.44,30.3
3133,ORD-00588,PROD-00141,6,1081.27,20.73
3134,ORD-00447,PROD-00017,2,669.64,4.25
3135,ORD-00753,PROD-00035,1,814.56,33.9
3136,ORD-00403,PROD-00036,0,947.95,33.11
3137,ORD-00495,PROD-00107,1,432.86,27.08
3138,ORD-00077,PROD-00285,1,386.44,21.33
3139,ORD-00052,PROD-00039,4,1553.14,11.84
3140,ORD-00604,PROD-00246,4,1590.88,6.25
3141,ORD-00408,PROD-00288,5,2051.34,42.6
3142,ORD-01349,PROD-00264,2,741.48,3.04
3143,ORD-00996,PROD-00125,5,64.39,30.51
3144,ORD-01468,PROD-00171,3,2164.64,29.15
3145,ORD-01351,PROD-00204,1,1644.25,22.28
3146,ORD-01236,PROD-00255,7,528.08,6.93
3147,ORD-01238,PROD-00159,7,1572.32,20.06
3148,ORD-00309,PROD-00266,7,1325.29,2.99
3149,ORD-00136,PROD-00198,1,1413.32,37.82
3150,ORD-01180,PROD-00222,3,223.47,29.89
3151,ORD-00559,PROD-00061,5,642.6,165.83
3152,ORD-00910,PROD-00239,5,852.48,16.87
3153,ORD-00371,PROD-00093,7,1067.43,31.24
3154,ORD-01069,PROD-00216,4,502.35,33.79
3155,ORD-00433,PROD-00025,3,2474.88,34.14
3156,ORD-00747,PROD-00271,2,1434.75,43.37
3157,ORD-00637,PROD-00156,6,148.48,24.45
3158,ORD-01470,PROD-00017,4,503.13,40.18
3159,ORD-01029,PROD-00122,2,268.0,41.2
3160,ORD-01326,PROD-00231,5,892.4,5.58
3161,ORD-00239,PROD-00166,1,2144.84,19.45
3162,ORD-01010,PROD-00022,7,2046.91,5.81
3163,ORD-01087,PROD-00079,-4,2003.46,29.46
3164,ORD-00569,PROD-00241,2,2262.71,32.67
3165,ORD-01337,PROD-00012,3,2243.32,13.26
3166,ORD-00506,PROD-00232,7,1860.01,38.38
3167,ORD-00839,PROD-00211,1,1679.31,5.94
3168,ORD-01103,PROD-00031,7,1731.41,14.54
3169,ORD-00917,PROD-00030,2,863.14,7.36
3170,ORD-00530,PROD-00277,7,2318.55,20.42
3171,ORD-00997,PROD-00023,7,277.65,33.36
3172,ORD-01232,PROD-00109,3,1690.42,23.16
3173,ORD-01477,PROD-00129,3,957.36,42.98
3174,ORD-00872,PROD-00272,5,767.7,36.11
3175,ORD-01378,PROD-00115,6,653.58,17.65
3176,ORD-00478,PROD-00075,1,974.38,23.16
3177,ORD-01079,PROD-00084,6,1890.26,11.64
3178,ORD-00030,PROD-00062,6,409.19,3.07
3179,ORD-01034,PROD-00288,5,936.55,1.47
3180,ORD-00800,PROD-00232,3,661.43,18.18
3181,ORD-00262,PROD-00109,2,806.34,43.83
3182,ORD-00126,PROD-00014,6,1914.55,34.0
3183,ORD-01316,PROD-00163,6,2272.19,5.93
3184,ORD-00119,PROD-00299,3,688.15,6.92
3185,ORD-00956,PROD-00021,2,760.38,41.65
3186,ORD-00044,PROD-00022,7,936.24,25.22
3187,ORD-00997,PROD-00300,3,1545.03,12.49
3188,ORD-00479,PROD-00131,5,529.14,36.51
3189,ORD-00414,PROD-00149,3,1763.34,2.41
3190,ORD-00247,PROD-00189,7,61.48,21.56
3191,ORD-00946,PROD-00267,0,1528.59,26.19
3192,ORD-00052,PROD-00160,5,2442.26,33.3
3193,ORD-01063,PROD-00026,1,1835.58,18.96
3194,ORD-00413,PROD-00070,7,2061.65,9.42
3195,ORD-01004,PROD-00059,2,157.7,38.31
3196,ORD-01049,PROD-00182,4,2484.83,26.48
3197,ORD-00236,PROD-00208,-5,1940.79,7.17
3198,ORD-00440,PROD-00003,1,1088.12,17.35
3199,ORD-01420,PROD-00274,6,1080.82,42.29
3200,ORD-00423,PROD-00081,3,1864.37,1.94
3201,ORD-00702,PROD-99999,3,1293.59,12.59
3202,ORD-01105,PROD-00266,6,172.37,44.43
3203,ORD-00970,PROD-00115,2,172.41,30.43
3204,ORD-00294,PROD-00297,7,217.67,41.87
3205,ORD-00271,PROD-00254,3,317.13,40.81
3206,ORD-01303,PROD-00163,7,73.03,20.27
3207,ORD-00551,PROD-00296,7,190.11,36.34
3208,ORD-00391,PROD-00122,2,1877.57,1.44
3209,ORD-00060,PROD-00034,5,1956.07,24.16
3210,ORD-00749,PROD-00155,5,2346.5,31.3
3211,ORD-00078,PROD-00101,3,2414.83,10.08
3212,ORD-00041,PROD-00291,6,1798.47,39.11
3213,ORD-00730,PROD-00166,2,1680.53,12.39
3214,ORD-00199,PROD-00090,5,2014.78,4.72
3215,ORD-00252,PROD-00035,7,451.47,25.81
3216,ORD-01196,PROD-00033,1,1946.35,14.46
3217,ORD-00296,PROD-00213,3,220.69,35.28
3218,ORD-00995,PROD-00163,4,502.66,17.89
3219,ORD-01335,PROD-00219,1,1333.77,31.0
3220,ORD-00556,PROD-00119,3,737.82,12.66
3221,ORD-00305,PROD-00078,6,151.67,27.54
3222,ORD-00216,PROD-00005,6,1019.55,40.25
3223,ORD-00481,PROD-00194,7,340.68,23.35
3224,ORD-00338,PROD-00227,6,197.65,43.0
3225,ORD-00233,PROD-00154,2,1477.73,5.26
3226,ORD-01388,PROD-00209,5,2219.18,19.49
3227,ORD-00549,PROD-00076,6,1771.94,26.01
3228,ORD-01268,PROD-00185,6,1369.07,9.14
3229,ORD-00064,PROD-00064,5,1553.56,20.89
3230,ORD-00056,PROD-00076,2,685.36,31.62
3231,ORD-00380,PROD-00186,-2,1179.87,2.71
3232,ORD-01412,PROD-00101,5,1076.06,44.02
3233,ORD-01167,PROD-00047,3,1229.91,38.8
3234,ORD-01096,PROD-00002,3,622.25,30.06
3235,ORD-00656,PROD-00254,7,411.84,15.78
3236,ORD-01379,PROD-00298,3,526.81,28.96
3237,ORD-01460,PROD-00187,7,2089.51,19.69
3238,ORD-00595,PROD-00028,4,2040.93,3.24
3239,ORD-01133,PROD-00013,1,1796.57,35.36
3240,ORD-01122,PROD-00026,3,2370.06,13.43
3241,ORD-00675,PROD-00027,7,1620.59,13.45
3242,ORD-01143,PROD-00253,2,523.63,36.71
3243,ORD-00615,PROD-00124,5,1469.13,1.97
3244,ORD-00425,PROD-00296,5,1586.01,42.12
3245,ORD-00392,PROD-00002,2,1170.82,22.97
3246,ORD-00520,PROD-00049,0,2125.98,33.13
3247,ORD-00739,PROD-00253,7,880.09,16.84
3248,ORD-00947,PROD-00177,6,1787.07,6.48
3249,ORD-01356,PROD-00141,3,2245.84,6.58
3250,ORD-00017,PROD-00257,4,1629.53,42.29
3251,ORD-99999,PROD-00214,6,1938.94,16.82
3252,ORD-00630,PROD-00194,5,1464.66,15.54
3253,ORD-00711,PROD-00158,7,1325.01,15.03
3254,ORD-00218,PROD-00116,7,1996.71,17.46
3255,ORD-01127,PROD-00219,1,113.78,4.07
3256,ORD-00023,PROD-00285,5,408.39,5.05
3257,ORD-00905,PROD-00276,3,126.95,9.82
3258,ORD-00321,PROD-00097,3,2118.07,6.73
3259,ORD-00477,PROD-00187,1,1758.52,29.35
3260,ORD-00357,PROD-00061,6,450.94,7.08
3261,ORD-01120,PROD-00198,1,2345.89,4.04
3262,ORD-01434,PROD-00168,4,1652.45,15.29
3263,ORD-00355,PROD-00198,2,1836.64,44.05
3264,ORD-01044,PROD-00095,2,994.67,31.23
3265,ORD-00160,PROD-00169,-4,1963.45,16.68
3266,ORD-00867,PROD-00065,6,788.41,37.24
3267,ORD-00790,PROD-00043,4,2303.11,10.57
3268,ORD-01295,PROD-00273,2,865.11,35.73
3269,ORD-01092,PROD-00184,1,953.17,13.47
3270,ORD-00985,PROD-00067,3,1926.34,40.38
3271,ORD-01466,PROD-00015,7,701.32,17.61
3272,ORD-00856,PROD-00294,6,875.63,20.63
3273,ORD-00592,PROD-00126,2,74.78,37.25
3274,ORD-00855,PROD-00166,2,506.64,16.93
3275,ORD-00402,PROD-00204,4,857.35,12.39
3276,ORD-00474,PROD-00005,7,1898.64,6.14
3277,ORD-00298,PROD-00015,6,1288.77,0.73
3278,ORD-00650,PROD-00241,5,1751.04,28.78
3279,ORD-01134,PROD-00176,7,1466.93,3.5
3280,ORD-00519,PROD-00058,1,770.08,26.97
3281,ORD-00648,PROD-00072,1,787.5,7.13
3282,ORD-01048,PROD-00026,5,646.88,35.81
3283,ORD-00023,PROD-00164,7,1043.98,25.71
3284,ORD-01172,PROD-00211,2,2262.84,22.14
3285,ORD-00235,PROD-00284,3,1756.55,38.4
3286,ORD-01486,PROD-00256,1,1858.22,16.53
3287,ORD-00409,PROD-00218,4,2009.55,11.76
3288,ORD-00648,PROD-00087,6,2424.02,16.54
3289,ORD-00681,PROD-00056,7,1087.11,0.77
3290,ORD-00304,PROD-00015,4,2034.44,25.42
3291,ORD-00838,PROD-00070,1,1352.35,39.39
3292,ORD-01015,PROD-00241,1,2374.03,32.0
3293,ORD-00871,PROD-00037,1,559.91,32.14
3294,ORD-00125,PROD-00258,6,2304.0,7.17
3295,ORD-00649,PROD-00141,2,224.18,20.27
3296,ORD-00362,PROD-00281,5,2376.42,30.45
3297,ORD-00436,PROD-00204,2,1900.45,18.02
3298,ORD-00019,PROD-00003,6,1483.54,0.44
3299,ORD-00347,PROD-00114,-5,654.83,33.09
3300,ORD-00512,PROD-00106,3,1759.71,36.41
3301,ORD-01372,PROD-99999,0,1387.55,103.88
3302,ORD-01188,PROD-00105,1,2334.36,35.48
3303,ORD-01133,PROD-00048,7,2027.43,44.38
3304,ORD-00523,PROD-00129,6,1537.01,41.7
3305,ORD-00366,PROD-00136,1,1852.87,10.41
3306,ORD-00693,PROD-00176,3,174.26,28.52
3307,ORD-01233,PROD-00015,1,2282.2,4.24
3308,ORD-00550,PROD-00081,2,416.78,32.73
3309,ORD-00258,PROD-00112,1,1869.06,18.74
3310,ORD-00477,PROD-00008,7,1200.1,4.08
3311,ORD-00630,PROD-00263,3,1805.88,17.12
3312,ORD-01157,PROD-00171,5,1807.05,31.59
3313,ORD-01186,PROD-00243,4,78.4,35.77
3314,ORD-00263,PROD-00159,3,197.01,32.19
3315,ORD-00037,PROD-00300,1,700.4,5.84
3316,ORD-00507,PROD-00180,5,359.43,10.42
3317,ORD-00958,PROD-00178,2,2210.57,37.17
3318,ORD-00382,PROD-00150,3,192.38,37.61
3319,ORD-00420,PROD-00231,7,619.71,29.12
3320,ORD-00500,PROD-00060,5,1245.78,26.32
3321,ORD-00151,PROD-00293,7,126.3,32.32
3322,ORD-00388,PROD-00246,5,1734.86,27.59
3323,ORD-00998,PROD-00221,6,2407.13,4.63
3324,ORD-00231,PROD-00288,1,319.92,8.76
3325,ORD-01260,PROD-00050,1,894.39,3.78
3326,ORD-00510,PROD-00252,5,1171.32,0.52
3327,ORD-01038,PROD-00248,4,131.66,31.49
3328,ORD-00946,PROD-00025,7,1144.57,42.75
3329,ORD-00791,PROD-00275,5,2476.54,24.64
3330,ORD-00046,PROD-00096,3,949.51,28.83
3331,ORD-00069,PROD-00043,1,1220.97,16.49
3332,ORD-00279,PROD-00075,6,887.82,5.59
3333,ORD-00310,PROD-00259,-3,2415.83,17.56
3334,ORD-00639,PROD-00240,5,227.4,16.04
3335,ORD-01327,PROD-00177,5,1409.32,42.04
3336,ORD-00713,PROD-00154,6,901.79,26.57
3337,ORD-01103,PROD-00165,2,1172.96,39.1
3338,ORD-00146,PROD-00119,6,546.58,24.24
3339,ORD-01159,PROD-00264,6,1064.16,14.74
3340,ORD-00552,PROD-00126,7,630.08,8.94
3341,ORD-00084,PROD-00236,2,45.57,12.89
3342,ORD-01077,PROD-00162,4,725.63,32.31
3343,ORD-00850,PROD-00131,7,1085.65,12.39
3344,ORD-01337,PROD-00270,7,2255.8,5.13
3345,ORD-00590,PROD-00101,6,117.2,17.29
3346,ORD-01138,PROD-00065,7,827.59,38.23
3347,ORD-00163,PROD-00105,6,393.27,1.91
3348,ORD-00290,PROD-00223,1,879.23,19.08
3349,ORD-00386,PROD-00150,7,2215.94,37.45
3350,ORD-00031,PROD-00002,7,1324.06,11.31
3351,ORD-00881,PROD-00190,7,501.89,28.52
3352,ORD-00893,PROD-00184,4,1931.85,0.29
3353,ORD-00447,PROD-00107,7,2416.32,0.85
3354,ORD-01344,PROD-00262,6,1651.32,36.91
3355,ORD-01205,PROD-00177,2,796.58,17.63
3356,ORD-01187,PROD-00035,0,825.15,2.99
3357,ORD-00677,PROD-00114,7,2091.07,39.42
3358,ORD-00846,PROD-00213,6,1623.8,30.49
3359,ORD-00094,PROD-00279,2,1164.93,0.05
3360,ORD-01378,PROD-00089,2,1435.82,11.69
3361,ORD-01299,PROD-00168,1,615.75,5.41
3362,ORD-00416,PROD-00147,6,314.94,30.01
3363,ORD-01447,PROD-00256,2,921.23,17.33
3364,ORD-01146,PROD-00236,6,119.47,26.21
3365,ORD-01376,PROD-00267,7,707.03,18.4
3366,ORD-00009,PROD-00129,1,903.77,24.0
3367,ORD-01357,PROD-00179,-1,619.08,29.28
3368,ORD-00869,PROD-00277,5,1523.78,41.0
3369,ORD-00744,PROD-00229,3,1976.26,29.83
3370,ORD-01112,PROD-00072,7,82.63,19.41
3371,ORD-00797,PROD-00242,7,1344.93,26.03
3372,ORD-00096,PROD-00132,1,72.05,31.05
3373,ORD-00207,PROD-00078,3,955.49,34.31
3374,ORD-01230,PROD-00273,6,1200.04,31.32
3375,ORD-00970,PROD-00043,2,540.47,40.69
3376,ORD-99999,PROD-00120,6,617.59,42.55
3377,ORD-01367,PROD-00290,6,346.12,5.81
3378,ORD-00627,PROD-00170,6,1456.95,21.65
3379,ORD-01422,PROD-00232,2,860.97,24.35
3380,ORD-00021,PROD-00255,6,822.36,31.12
3381,ORD-01426,PROD-00266,6,818.81,41.58
3382,ORD-00699,PROD-00103,7,2323.99,19.25
3383,ORD-00776,PROD-00003,2,1150.14,38.22
3384,ORD-01492,PROD-00140,4,729.78,15.16
3385,ORD-00798,PROD-00124,1,1995.25,25.27
3386,ORD-01111,PROD-00044,6,647.76,12.11
3387,ORD-00028,PROD-00027,7,1013.02,36.93
3388,ORD-00811,PROD-00160,5,1486.08,10.57
3389,ORD-00858,PROD-00269,7,1932.43,8.11
3390,ORD-00123,PROD-00139,3,1472.02,9.67
3391,ORD-00470,PROD-00269,7,222.33,6.76
3392,ORD-01200,PROD-00134,6,842.95,31.95
3393,ORD-01290,PROD-00091,4,2109.43,27.77
3394,ORD-00158,PROD-00199,1,499.96,13.43
3395,ORD-00569,PROD-00112,5,1138.8,42.05
3396,ORD-00991,PROD-00231,5,1600.73,19.24
3397,ORD-00820,PROD-00079,7,105.78,31.94
3398,ORD-00257,PROD-00103,5,2293.0,4.72
3399,ORD-01248,PROD-00087,5,2066.41,39.62
3400,ORD-01159,PROD-00042,2,82.67,21.9
3401,ORD-00433,PROD-99999,-3,2082.8,20.11
3402,ORD-00206,PROD-00016,4,2341.77,34.03
3403,ORD-01498,PROD-00159,1,2451.22,40.67
3404,ORD-00025,PROD-00136,7,2155.94,7.47
3405,ORD-00544,PROD-00232,3,1766.02,19.51
3406,ORD-01074,PROD-00074,4,1077.12,21.9
3407,ORD-00459,PROD-00191,2,927.06,7.84
3408,ORD-00484,PROD-00237,1,1186.58,26.51
3409,ORD-00922,PROD-00092,1,1866.77,16.02
3410,ORD-00858,PROD-00052,3,1109.86,44.89
3411,ORD-01443,PROD-00259,0,1870.8,24.21
3412,ORD-00396,PROD-00247,6,469.89,33.45
3413,ORD-00098,PROD-00078,2,140.06,16.68
3414,ORD-00222,PROD-00079,5,1150.59,8.95
3415,ORD-00145,PROD-00189,2,1941.73,26.6
3416,ORD-01431,PROD-00132,6,1090.58,2.13
3417,ORD-01485,PROD-00225,5,703.39,5.73
3418,ORD-01404,PROD-00027,6,1439.87,23.08
3419,ORD-01403,PROD-00132,2,1980.41,10.51
3420,ORD-01307,PROD-00297,7,27.47,26.36
3421,ORD-00614,PROD-00041,7,997.67,34.4
3422,ORD-00964,PROD-00111,2,1952.13,6.37
3423,ORD-01438,PROD-00276,7,679.63,24.95
3424,ORD-01089,PROD-00023,3,1575.29,23.57
3425,ORD-00040,PROD-00072,3,1696.92,28.64
3426,ORD-01131,PROD-00032,1,1494.51,17.01
3427,ORD-00412,PROD-00207,1,2403.25,26.06
3428,ORD-01353,PROD-00170,1,1711.51,15.29
3429,ORD-00228,PROD-00256,7,1992.27,0.77
3430,ORD-00829,PROD-00272,1,1995.32,33.48
3431,ORD-00263,PROD-00140,7,164.33,4.68
3432,ORD-00339,PROD-00135,2,1121.18,19.39
3433,ORD-00018,PROD-00022,3,2116.67,30.05
3434,ORD-00603,PROD-00045,3,98.59,30.08
3435,ORD-00891,PROD-00149,-3,1943.7,22.95
3436,ORD-00914,PROD-00094,4,1340.54,1.05
3437,ORD-01064,PROD-00178,1,1906.15,3.39
3438,ORD-00219,PROD-00130,1,1185.41,7.26
3439,ORD-00954,PROD-00287,3,1075.04,12.99
3440,ORD-01380,PROD-00057,2,1472.45,24.96
3441,ORD-00982,PROD-00176,4,811.74,20.9
3442,ORD-01469,PROD-00077,3,513.43,41.77
3443,ORD-01277,PROD-00260,1,228.09,21.5
3444,ORD-00959,PROD-00034,6,2006.75,12.45
3445,ORD-00004,PROD-00245,1,2014.06,32.04
3446,ORD-00447,PROD-00132,4,1223.03,19.92
3447,ORD-00504,PROD-00225,5,1637.13,4.86
3448,ORD-01013,PROD-00010,2,1276.55,22.35
3449,ORD-00965,PROD-00212,1,1266.97,5.3
3450,ORD-00743,PROD-00188,2,857.69,28.47
3451,ORD-00235,PROD-00097,6,228.31,168.58
3452,ORD-00412,PROD-00041,2,1422.58,17.11
3453,ORD-01359,PROD-00230,2,1247.1,19.9
3454,ORD-01204,PROD-00247,7,292.42,36.79
3455,ORD-01291,PROD-00059,1,472.92,35.12
3456,ORD-00717,PROD-00261,3,367.91,40.3
3457,ORD-00620,PROD-00072,2,574.63,6.48
3458,ORD-00322,PROD-00004,6,1251.89,41.19
3459,ORD-00041,PROD-00225,1,2327.49,13.0
3460,ORD-00720,PROD-00077,2,2072.8,17.79
3461,ORD-01149,PROD-00013,1,1686.13,44.93
3462,ORD-00131,PROD-00097,5,1631.31,25.87
3463,ORD-01040,PROD-00103,2,1942.4,2.0
3464,ORD-01382,PROD-00234,7,1498.46,18.81
3465,ORD-00574,PROD-00161,4,1604.33,42.65
3466,ORD-00554,PROD-00246,0,921.38,43.2
3467,ORD-01072,PROD-00285,4,1232.99,33.42
3468,ORD-00706,PROD-00236,2,1314.57,6.95
3469,ORD-00144,PROD-00203,-3,2370.36,32.35
3470,ORD-00463,PROD-00145,2,1829.71,40.64
3471,ORD-00278,PROD-00275,3,1550.19,31.59
3472,ORD-00495,PROD-00182,3,596.68,8.0
3473,ORD-01284,PROD-00237,1,1952.66,32.99
3474,ORD-00180,PROD-00265,4,882.06,21.17
3475,ORD-01174,PROD-00136,1,706.0,16.64
3476,ORD-00201,PROD-00104,5,2416.26,34.86
3477,ORD-01405,PROD-00121,3,752.47,31.15
3478,ORD-00884,PROD-00269,1,1694.37,12.16
3479,ORD-01189,PROD-00250,1,2363.14,11.33
3480,ORD-01352,PROD-00003,3,2333.68,15.82
3481,ORD-00899,PROD-00010,2,793.66,6.65
3482,ORD-00788,PROD-00252,3,2361.3,14.95
3483,ORD-01022,PROD-00071,2,1401.45,33.73
3484,ORD-00373,PROD-00288,4,1751.85,9.82
3485,ORD-00402,PROD-00029,3,2003.36,22.3
3486,ORD-00789,PROD-00073,2,1812.26,37.74
3487,ORD-00751,PROD-00206,1,1616.11,31.37
3488,ORD-01092,PROD-00274,2,187.03,20.56
3489,ORD-00660,PROD-00193,5,1001.14,14.6
3490,ORD-01467,PROD-00280,7,399.78,21.69
3491,ORD-00377,PROD-00177,6,2101.42,41.12
3492,ORD-00167,PROD-00150,7,397.27,31.51
3493,ORD-01185,PROD-00112,7,1797.95,34.15
3494,ORD-00168,PROD-00034,4,1808.51,15.02
3495,ORD-00011,PROD-00045,5,298.22,16.33
3496,ORD-00563,PROD-00283,7,1757.32,16.87
3497,ORD-01443,PROD-00152,3,1792.16,15.03
3498,ORD-01317,PROD-00196,6,205.19,42.39
3499,ORD-00119,PROD-00285,1,2043.7,39.63
3500,ORD-00319,PROD-00110,6,2114.28,23.69
3501,ORD-99999,PROD-99999,1,2018.53,8.98
3502,ORD-00749,PROD-00161,3,819.7,3.68
3503,ORD-00470,PROD-00281,-4,888.86,25.04
3504,ORD-00946,PROD-00147,2,1817.7,44.04
3505,ORD-00404,PROD-00269,5,958.59,2.82
3506,ORD-00629,PROD-00019,4,595.58,13.43
3507,ORD-01257,PROD-00110,6,2289.66,10.87
3508,ORD-00960,PROD-00234,2,1207.09,4.49
3509,ORD-00023,PROD-00080,3,2299.23,42.16
3510,ORD-01257,PROD-00059,2,2361.05,42.85
3511,ORD-00811,PROD-00210,1,861.77,23.26
3512,ORD-01466,PROD-00113,3,685.91,18.42
3513,ORD-00873,PROD-00153,2,77.93,17.48
3514,ORD-00667,PROD-00227,1,1202.72,0.34
3515,ORD-00294,PROD-00137,5,437.44,11.54
3516,ORD-00098,PROD-00059,1,1604.32,37.11
3517,ORD-00969,PROD-00002,3,860.36,1.39
3518,ORD-00326,PROD-00166,3,470.56,2.83
3519,ORD-01280,PROD-00087,2,1216.73,3.43
3520,ORD-00255,PROD-00095,6,1350.56,34.71
3521,ORD-01467,PROD-00100,0,2185.02,11.38
3522,ORD-00519,PROD-00057,2,608.43,20.19
3523,ORD-01171,PROD-00260,2,2385.39,39.81
3524,ORD-00817,PROD-00115,4,548.13,36.3
3525,ORD-00362,PROD-00285,3,1772.02,8.39
3526,ORD-00840,PROD-00163,2,368.08,4.48
3527,ORD-00634,PROD-00086,1,353.49,12.9
3528,ORD-01397,PROD-00124,4,1930.54,43.61
3529,ORD-00557,PROD-00297,5,1795.83,1.28
3530,ORD-00598,PROD-00039,2,1265.29,44.73
3531,ORD-01125,PROD-00264,4,1881.93,36.17
3532,ORD-00624,PROD-00021,2,2071.09,28.1
3533,ORD-00550,PROD-00153,2,235.5,33.71
3534,ORD-00643,PROD-00034,2,2350.38,15.97
3535,ORD-00722,PROD-00273,6,715.15,6.59
3536,ORD-00960,PROD-00236,1,1542.26,16.39
3537,ORD-00868,PROD-00199,-1,1022.54,21.61
3538,ORD-00952,PROD-00106,6,328.67,4.36
3539,ORD-00012,PROD-00200,6,140.47,29.33
3540,ORD-00245,PROD-00291,2,280.3,6.15
3541,ORD-00439,PROD-00114,7,2427.55,10.8
3542,ORD-00774,PROD-00134,1,1741.35,18.59
3543,ORD-01223,PROD-00276,2,1056.41,20.69
3544,ORD-00717,PROD-00054,3,1902.33,8.59
3545,ORD-01065,PROD-00140,4,2081.52,36.02
3546,ORD-01310,PROD-00125,4,1601.52,23.53
3547,ORD-01112,PROD-00084,7,1154.34,28.62
3548,ORD-00136,PROD-00152,7,909.22,44.11
3549,ORD-01230,PROD-00155,4,1743.38,21.05
3550,ORD-00564,PROD-00213,2,1497.99,3.01
3551,ORD-00135,PROD-00279,5,2104.44,7.02
3552,ORD-00806,PROD-00211,7,1982.8,41.29
3553,ORD-00539,PROD-00074,6,1615.94,39.25
3554,ORD-00056,PROD-00202,2,1808.98,18.46
3555,ORD-01148,PROD-00140,5,982.84,1.03
3556,ORD-00248,PROD-00285,2,2470.86,14.62
3557,ORD-00883,PROD-00197,1,94.6,6.34
3558,ORD-01170,PROD-00083,1,968.35,43.16
3559,ORD-00469,PROD-00195,3,679.92,9.42
3560,ORD-00566,PROD-00231,2,810.9,38.23
3561,ORD-00140,PROD-00062,7,758.03,42.4
3562,ORD-00463,PROD-00165,4,28.23,27.77
3563,ORD-01039,PROD-00013,4,1689.78,1.82
3564,ORD-00957,PROD-00296,2,304.52,1.45
3565,ORD-00669,PROD-00033,1,448.61,44.98
3566,ORD-00838,PROD-00256,7,2069.93,21.4
3567,ORD-00381,PROD-00289,5,439.97,11.34
3568,ORD-01406,PROD-00082,1,1836.23,14.33
3569,ORD-00553,PROD-00155,1,1550.79,23.59
3570,ORD-00340,PROD-00243,5,2232.29,15.64
3571,ORD-00485,PROD-00288,-3,375.69,6.41
3572,ORD-00552,PROD-00154,3,364.8,12.58
3573,ORD-00208,PROD-00170,7,1438.18,28.65
3574,ORD-01469,PROD-00290,6,981.54,25.14
3575,ORD-01413,PROD-00105,2,527.9,15.42
3576,ORD-00060,PROD-00293,0,2319.18,24.62
3577,ORD-00534,PROD-00252,4,295.13,41.73
3578,ORD-00837,PROD-00008,3,1856.16,26.95
3579,ORD-00162,PROD-00189,3,1093.87,0.93
3580,ORD-00431,PROD-00085,2,1460.37,21.67
3581,ORD-01208,PROD-00177,1,2489.06,20.89
3582,ORD-00852,PROD-00257,2,824.09,19.38
3583,ORD-00518,PROD-00253,3,1713.81,33.96
3584,ORD-00127,PROD-00250,1,485.49,38.4
3585,ORD-00875,PROD-00288,7,1600.82,27.05
3586,ORD-00959,PROD-00073,5,1878.38,7.42
3587,ORD-01421,PROD-00149,1,2422.89,13.01
3588,ORD-00545,PROD-00027,4,1644.25,42.89
3589,ORD-00027,PROD-00073,4,2416.16,41.64
3590,ORD-01444,PROD-00010,1,567.72,14.27
3591,ORD-00803,PROD-00259,4,1696.05,37.65
3592,ORD-01195,PROD-00032,1,2217.67,25.96
3593,ORD-00143,PROD-00151,3,768.31,9.08
3594,ORD-00052,PROD-00293,7,1798.74,30.78
3595,ORD-00620,PROD-00062,4,403.97,23.14
3596,ORD-00302,PROD-00283,1,2139.71,15.19
3597,ORD-01314,PROD-00082,6,1469.4,29.79
3598,ORD-00498,PROD-00178,7,2029.31,36.97
3599,ORD-01200,PROD-00286,2,2435.37,31.49
3600,ORD-00896,PROD-00266,5,738.78,9.25
3601,ORD-00422,PROD-99999,4,1377.19,133.07
3602,ORD-00569,PROD-00026,2,127.7,7.42
3603,ORD-00516,PROD-00082,1,165.67,18.6
3604,ORD-00813,PROD-00117,6,2132.11,8.29
3605,ORD-00448,PROD-00158,-4,1809.8,18.38
3606,ORD-01411,PROD-00082,1,1431.07,17.51
3607,ORD-00374,PROD-00286,4,1568.81,9.45
3608,ORD-00036,PROD-00079,1,974.51,26.03
3609,ORD-00790,PROD-00230,4,1568.75,38.15
3610,ORD-00667,PROD-00200,3,2383.67,6.99
3611,ORD-00290,PROD-00185,6,867.31,23.38
3612,ORD-00993,PROD-00183,7,1557.25,23.85
3613,ORD-01383,PROD-00247,6,2058.76,23.18
3614,ORD-01203,PROD-00100,3,802.47,33.11
3615,ORD-00743,PROD-00238,7,1774.48,7.86
3616,ORD-01203,PROD-00294,6,254.46,27.25
3617,ORD-00529,PROD-00200,5,2258.59,29.59
3618,ORD-01068,PROD-00171,6,1966.26,11.14
3619,ORD-00293,PROD-00272,6,1967.88,37.91
3620,ORD-00502,PROD-00048,7,1577.15,22.18
3621,ORD-01094,PROD-00193,2,864.03,14.44
3622,ORD-00865,PROD-00287,4,2144.83,5.1
3623,ORD-00298,PROD-00217,7,1476.1,36.85
3624,ORD-00248,PROD-00189,1,1441.32,29.73
3625,ORD-01277,PROD-00012,6,1210.92,26.51
3626,ORD-99999,PROD-00271,1,1924.52,33.59
3627,ORD-01070,PROD-00210,7,2261.34,0.07
3628,ORD-01222,PROD-00125,3,1516.82,36.24
3629,ORD-00650,PROD-00148,5,1473.49,26.94
3630,ORD-01338,PROD-00057,7,1700.77,31.46
3631,ORD-00518,PROD-00013,0,2052.72,37.93
3632,ORD-00006,PROD-00225,6,1451.49,21.88
3633,ORD-01236,PROD-00040,5,2054.93,9.61
3634,ORD-01370,PROD-00013,1,2080.05,41.74
3635,ORD-00158,PROD-00270,2,2490.9,18.0
3636,ORD-00810,PROD-00293,3,1016.07,11.81
3637,ORD-01426,PROD-00292,6,1251.75,27.25
3638,ORD-00145,PROD-00019,6,880.06,19.6
3639,ORD-00604,PROD-00055,-2,187.14,34.64
3640,ORD-00667,PROD-00122,2,160.57,43.01
3641,ORD-00660,PROD-00065,5,2330.62,43.64
3642,ORD-01455,PROD-00004,7,1589.87,3.07
3643,ORD-00517,PROD-00178,2,680.56,13.99
3644,ORD-00962,PROD-00131,1,801.86,43.29
3645,ORD-01109,PROD-00138,4,668.26,6.0
3646,ORD-00673,PROD-00235,2,754.58,26.45
3647,ORD-00483,PROD-00130,4,762.93,37.42
3648,ORD-01395,PROD-00079,7,2012.68,12.77
3649,ORD-01295,PROD-00058,7,863.27,26.02
3650,ORD-01477,PROD-00085,2,113.72,32.1
3651,ORD-00014,PROD-00044,2,2484.54,43.98
3652,ORD-01112,PROD-00117,7,756.77,22.89
3653,ORD-00439,PROD-00146,7,2160.97,17.85
3654,ORD-01407,PROD-00233,3,1428.22,35.61
3655,ORD-00824,PROD-00170,6,1417.52,20.06
3656,ORD-00483,PROD-00182,4,1883.21,43.3
3657,ORD-00386,PROD-00003,6,993.01,25.04
3658,ORD-00325,PROD-00095,2,1472.69,43.8
3659,ORD-01313,PROD-00170,6,719.89,6.89
3660,ORD-01070,PROD-00111,7,230.3,28.6
3661,ORD-00523,PROD-00295,3,1393.91,41.5
3662,ORD-00613,PROD-00077,5,1572.42,38.0
3663,ORD-00725,PROD-00002,5,2216.06,9.3
3664,ORD-00034,PROD-00167,3,1246.98,28.72
3665,ORD-00506,PROD-00071,5,2283.98,38.61
3666,ORD-00668,PROD-00033,1,2323.71,11.35
3667,ORD-00076,PROD-00099,4,1467.78,28.07
3668,ORD-00971,PROD-00211,5,493.16,7.25
3669,ORD-00740,PROD-00107,1,2271.83,29.34
3670,ORD-00856,PROD-00097,2,2212.38,37.48
3671,ORD-01380,PROD-00185,3,1999.82,13.3
3672,ORD-00720,PROD-00093,3,1098.58,14.48
3673,ORD-00680,PROD-00196,-2,1827.34,33.28
3674,ORD-01211,PROD-00298,3,629.63,20.72
3675,ORD-00722,PROD-00041,5,273.16,22.74
3676,ORD-00606,PROD-00050,2,1410.27,41.01
3677,ORD-00630,PROD-00107,6,106.2,7.82
3678,ORD-00294,PROD-00258,2,209.53,26.48
3679,ORD-00637,PROD-00290,4,243.27,9.0
3680,ORD-00409,PROD-00009,7,854.81,4.62
3681,ORD-01318,PROD-00039,2,711.61,13.56
3682,ORD-00799,PROD-00220,2,677.74,35.07
3683,ORD-00437,PROD-00297,1,1458.72,7.2
3684,ORD-00795,PROD-00263,1,1747.76,43.6
3685,ORD-01272,PROD-00241,6,391.12,36.65
3686,ORD-00606,PROD-00056,0,390.07,2.7
3687,ORD-00535,PROD-00166,3,401.48,8.9
3688,ORD-00415,PROD-00247,5,974.52,3.37
3689,ORD-00728,PROD-00192,1,2023.21,21.78
3690,ORD-01383,PROD-00105,4,2356.65,8.56
3691,ORD-01038,PROD-00124,7,2330.8,27.18
3692,ORD-01268,PROD-00065,6,1425.87,42.67
3693,ORD-00034,PROD-00259,6,731.36,21.39
3694,ORD-00627,PROD-00244,6,2210.16,14.02
3695,ORD-00854,PROD-00231,4,1864.84,16.79
3696,ORD-01002,PROD-00049,3,2487.87,13.97
3697,ORD-00750,PROD-00038,1,968.9,39.1
3698,ORD-01344,PROD-00097,2,1557.16,2.41
3699,ORD-00897,PROD-00280,5,1378.78,40.32
3700,ORD-01459,PROD-00043,6,1826.35,0.17
3701,ORD-00166,PROD-99999,1,460.64,25.68
3702,ORD-01356,PROD-00169,6,1140.01,18.4
3703,ORD-00638,PROD-00114,7,391.69,13.02
3704,ORD-00728,PROD-00026,1,1137.85,20.14
3705,ORD-01402,PROD-00216,4,466.86,44.7
3706,ORD-00065,PROD-00052,5,1334.6,40.42
3707,ORD-00637,PROD-00085,-1,2457.78,29.88
3708,ORD-00137,PROD-00281,4,105.98,26.44
3709,ORD-01147,PROD-00268,2,298.57,27.49
3710,ORD-00007,PROD-00208,2,343.98,28.95
3711,ORD-01161,PROD-00221,4,1138.79,40.2
3712,ORD-00712,PROD-00249,4,1362.26,8.45
3713,ORD-00381,PROD-00213,7,1508.25,32.39
3714,ORD-01209,PROD-00211,5,1501.91,24.25
3715,ORD-01227,PROD-00002,3,619.95,5.93
3716,ORD-00505,PROD-00030,4,1537.31,2.75
3717,ORD-00848,PROD-00248,6,2470.61,24.39
3718,ORD-00331,PROD-00090,6,547.57,25.4
3719,ORD-00733,PROD-00253,6,578.36,29.61
3720,ORD-01163,PROD-00206,2,454.69,34.44
3721,ORD-00026,PROD-00113,5,1458.69,13.36
3722,ORD-00366,PROD-00032,2,1087.78,22.6
3723,ORD-00999,PROD-00007,3,1373.56,5.61
3724,ORD-01199,PROD-00213,5,1278.03,16.75
3725,ORD-00838,PROD-00220,4,992.9,1.29
3726,ORD-00767,PROD-00255,2,322.42,2.85
3727,ORD-00395,PROD-00164,4,1766.16,21.46
3728,ORD-00095,PROD-00053,1,1134.87,20.85
3729,ORD-01355,PROD-00160,3,1100.95,15.83
3730,ORD-01260,PROD-00110,5,85.86,33.77
3731,ORD-00627,PROD-00005,5,1916.74,9.81
3732,ORD-00155,PROD-00058,2,2123.33,13.53
3733,ORD-00120,PROD-00200,2,1630.37,12.99
3734,ORD-00899,PROD-00146,5,535.89,21.91
3735,ORD-01435,PROD-00005,3,2070.13,39.06
3736,ORD-00851,PROD-00060,4,1993.06,34.43
3737,ORD-00678,PROD-00148,5,460.55,25.83
3738,ORD-00380,PROD-00229,4,2164.26,2.05
3739,ORD-00446,PROD-00269,2,2444.94,18.34
3740,ORD-01320,PROD-00189,3,1942.13,6.05
3741,ORD-01101,PROD-00252,0,429.06,15.98
3742,ORD-01472,PROD-00270,3,1592.29,4.17
3743,ORD-00833,PROD-00004,7,381.61,40.0
3744,ORD-00880,PROD-00142,2,1628.05,25.04
3745,ORD-00801,PROD-00095,5,391.44,29.71
3746,ORD-00516,PROD-00190,6,1389.78,18.27
3747,ORD-00983,PROD-00261,3,527.84,6.08
3748,ORD-01205,PROD-00267,5,1965.4,34.19
3749,ORD-00508,PROD-00072,7,1697.8,23.94
3750,ORD-00047,PROD-00233,6,1543.03,0.55
3751,ORD-99999,PROD-00185,6,1163.52,124.11
3752,ORD-01500,PROD-00020,1,1420.89,32.39
3753,ORD-00275,PROD-00118,6,292.32,40.8
3754,ORD-01485,PROD-00262,5,273.41,31.21
3755,ORD-00445,PROD-00151,3,1207.11,0.25
3756,ORD-00334,PROD-00293,3,2270.7,29.78
3757,ORD-00766,PROD-00286,7,1140.0,39.26
3758,ORD-01329,PROD-00177,4,1955.21,38.09
3759,ORD-01459,PROD-00233,4,1640.67,39.42
3760,ORD-00139,PROD-00296,3,1657.8,42.95
3761,ORD-01202,PROD-00281,6,1462.2,31.99
3762,ORD-01202,PROD-00047,6,666.42,42.36
3763,ORD-00752,PROD-00233,1,515.67,26.16
3764,ORD-00832,PROD-00036,1,1744.05,32.09
3765,ORD-01406,PROD-00287,5,1555.42,6.12
3766,ORD-00672,PROD-00138,2,1013.99,30.9
3767,ORD-00986,PROD-00014,5,2170.0,17.5
3768,ORD-01295,PROD-00014,7,601.34,9.55
3769,ORD-01182,PROD-00228,5,1216.2,2.26
3770,ORD-00903,PROD-00029,3,1280.26,20.29
3771,ORD-00817,PROD-00121,7,1774.7,3.82
3772,ORD-00508,PROD-00006,1,104.72,32.26
3773,ORD-00500,PROD-00273,1,465.58,17.24
3774,ORD-00374,PROD-00040,7,672.62,14.08
3775,ORD-01193,PROD-00108,-2,1268.38,15.32
3776,ORD-00662,PROD-00199,3,2377.82,28.16
3777,ORD-00872,PROD-00212,4,1275.94,8.06
3778,ORD-01396,PROD-00246,1,2439.17,26.63
3779,ORD-00972,PROD-00037,1,236.66,17.89
3780,ORD-00456,PROD-00182,3,800.15,23.71
3781,ORD-01326,PROD-00171,5,92.77,1.04
3782,ORD-00688,PROD-00089,6,599.03,32.37
3783,ORD-00499,PROD-00271,6,305.2,12.87
3784,ORD-00300,PROD-00134,4,453.73,38.19
3785,ORD-01080,PROD-00052,1,2471.72,32.31
3786,ORD-01279,PROD-00288,4,998.08,23.07
3787,ORD-01176,PROD-00024,2,656.1,18.19
3788,ORD-00964,PROD-00138,1,1695.73,44.0
3789,ORD-00120,PROD-00272,2,135.97,23.84
3790,ORD-00085,PROD-00112,5,891.84,31.38
3791,ORD-00921,PROD-00282,5,351.05,9.46
3792,ORD-00138,PROD-00028,1,668.58,39.97
3793,ORD-01009,PROD-00033,7,570.15,6.83
3794,ORD-01115,PROD-00244,6,286.38,26.26
3795,ORD-00019,PROD-00247,7,77.17,15.69
3796,ORD-00546,PROD-00203,0,1653.81,28.86
3797,ORD-00064,PROD-00292,7,2136.71,33.97
3798,ORD-01161,PROD-00129,2,78.26,30.16
3799,ORD-00614,PROD-00267,3,1300.91,21.96
3800,ORD-00307,PROD-00220,4,2446.74,28.84
3801,ORD-01174,PROD-99999,3,1846.29,37.8
3802,ORD-00407,PROD-00045,5,285.89,4.13
3803,ORD-00919,PROD-00275,5,131.21,43.02
3804,ORD-00476,PROD-00225,3,1059.3,7.08
3805,ORD-00021,PROD-00142,6,1203.14,6.7
3806,ORD-00216,PROD-00090,6,2008.6,35.55
3807,ORD-01354,PROD-00015,6,2421.66,36.05
3808,ORD-01036,PROD-00152,1,268.37,26.94
3809,ORD-01384,PROD-00069,-2,1531.36,8.59
3810,ORD-00359,PROD-00151,5,709.62,12.14
3811,ORD-01189,PROD-00004,5,280.21,7.63
3812,ORD-00665,PROD-00300,1,893.65,39.04
3813,ORD-00926,PROD-00289,1,2405.18,0.06
3814,ORD-01183,PROD-00155,3,369.61,32.6
3815,ORD-01433,PROD-00004,7,1543.48,20.32
3816,ORD-01165,PROD-00184,6,1564.98,41.12
3817,ORD-01155,PROD-00016,7,741.19,8.05
3818,ORD-00137,PROD-00270,7,1719.77,14.08
3819,ORD-01455,PROD-00171,3,2096.78,2.9
3820,ORD-01194,PROD-00114,1,655.32,43.16
3821,ORD-01111,PROD-00113,4,805.01,39.11
3822,ORD-00821,PROD-00240,2,1501.1,3.33
3823,ORD-00392,PROD-00096,7,2418.6,42.6
3824,ORD-00078,PROD-00254,6,336.99,37.99
3825,ORD-00215,PROD-00070,7,198.26,1.18
3826,ORD-00188,PROD-00030,6,775.72,7.8
3827,ORD-01247,PROD-00187,4,667.85,38.56
3828,ORD-00216,PROD-00259,5,982.29,12.8
3829,ORD-00019,PROD-00023,3,1584.97,27.93
3830,ORD-00626,PROD-00265,2,986.53,14.39
3831,ORD-00871,PROD-00005,4,2493.98,26.96
3832,ORD-00242,PROD-00149,2,764.93,43.76
3833,ORD-01435,PROD-00056,2,176.3,10.75
3834,ORD-00410,PROD-00189,4,1405.39,4.96
3835,ORD-01158,PROD-00030,5,1129.04,35.13
3836,ORD-00947,PROD-00037,4,196.56,11.38
3837,ORD-00540,PROD-00291,2,80.97,8.17
3838,ORD-00737,PROD-00225,4,1106.68,23.38
3839,ORD-00527,PROD-00067,6,639.17,8.13
3840,ORD-00746,PROD-00214,5,1590.06,30.5
3841,ORD-00100,PROD-00207,4,386.99,9.69
3842,ORD-00817,PROD-00054,1,1367.27,43.27
3843,ORD-00566,PROD-00270,-4,2293.22,44.54
3844,ORD-01000,PROD-00014,6,1523.83,8.83
3845,ORD-00763,PROD-00204,1,1516.52,36.24
3846,ORD-00792,PROD-00101,2,87.42,16.65
3847,ORD-00453,PROD-00050,6,1377.28,21.63
3848,ORD-00752,PROD-00033,2,1399.14,34.13
3849,ORD-00057,PROD-00011,3,941.24,32.79
3850,ORD-00576,PROD-00241,3,1795.58,32.42
3851,ORD-00497,PROD-00072,0,1129.88,42.35
3852,ORD-01308,PROD-00117,5,764.71,18.06
3853,ORD-00206,PROD-00037,1,2306.62,22.8
3854,ORD-00189,PROD-00224,1,187.1,17.06
3855,ORD-01365,PROD-00098,6,298.11,37.42
3856,ORD-01386,PROD-00010,4,1698.83,1.33
3857,ORD-00118,PROD-00073,1,1331.78,17.58
3858,ORD-00348,PROD-00208,6,2064.49,1.85
3859,ORD-01085,PROD-00107,7,710.62,38.2
3860,ORD-01049,PROD-00120,3,787.0,33.92
3861,ORD-00830,PROD-00002,7,715.78,25.94
3862,ORD-00969,PROD-00111,5,869.63,39.86
3863,ORD-00155,PROD-00007,7,1107.78,26.94
3864,ORD-00605,PROD-00126,5,2094.29,17.95
3865,ORD-00285,PROD-00227,2,2418.72,24.65
3866,ORD-00102,PROD-00158,6,1727.58,27.75
3867,ORD-01418,PROD-00079,3,422.54,26.28
3868,ORD-00118,PROD-00259,6,484.72,26.01
3869,ORD-01000,PROD-00273,2,1064.85,30.73
3870,ORD-01288,PROD-00211,7,2122.45,13.7
3871,ORD-00105,PROD-00060,1,2024.21,12.77
3872,ORD-01262,PROD-00193,1,1605.86,5.19
3873,ORD-00473,PROD-00190,6,1769.05,35.39
3874,ORD-00073,PROD-00138,7,759.57,27.7
3875,ORD-00483,PROD-00111,6,596.43,16.0
3876,ORD-99999,PROD-00151,4,56.32,11.88
3877,ORD-00905,PROD-00297,-1,1796.86,19.57
3878,ORD-00860,PROD-00294,3,1876.44,43.11
3879,ORD-00083,PROD-00230,2,139.74,23.45
3880,ORD-01484,PROD-00244,2,32.98,10.08
3881,ORD-00117,PROD-00233,5,2298.94,15.17
3882,ORD-01402,PROD-00205,6,557.04,23.39
3883,ORD-01053,PROD-00249,2,110.75,2.05
3884,ORD-00625,PROD-00022,2,1982.37,32.04
3885,ORD-01340,PROD-00033,2,1440.06,5.55
3886,ORD-00785,PROD-00004,7,1065.84,8.07
3887,ORD-01085,PROD-00169,5,1070.36,19.32
3888,ORD-00521,PROD-00230,5,819.84,7.36
3889,ORD-01045,PROD-00229,4,2110.3,19.45
3890,ORD-00521,PROD-00064,1,901.53,32.79
3891,ORD-00452,PROD-00093,4,67.15,37.73
3892,ORD-00822,PROD-00055,5,132.03,20.17
3893,ORD-01103,PROD-00106,4,2051.79,26.19
3894,ORD-00849,PROD-00248,1,29.63,0.96
3895,ORD-00665,PROD-00297,7,1624.28,43.62
3896,ORD-00145,PROD-00245,3,656.95,26.63
3897,ORD-00450,PROD-00073,2,2019.31,6.8
3898,ORD-00168,PROD-00011,1,410.41,12.94
3899,ORD-01020,PROD-00158,7,235.34,27.23
3900,ORD-01274,PROD-00211,6,721.71,42.12
3901,ORD-00144,PROD-99999,5,195.18,151.99
3902,ORD-00327,PROD-00234,5,875.15,13.75
3903,ORD-00311,PROD-00227,7,844.14,17.22
3904,ORD-00999,PROD-00233,2,40.87,9.37
3905,ORD-00334,PROD-00189,5,1618.57,42.44
3906,ORD-00153,PROD-00023,0,932.06,1.32
3907,ORD-00251,PROD-00001,3,391.68,17.12
3908,ORD-00060,PROD-00217,3,801.67,11.39
3909,ORD-01198,PROD-00061,1,1419.69,33.1
3910,ORD-01087,PROD-00017,5,1890.62,44.65
3911,ORD-00402,PROD-00018,-5,303.98,23.98
3912,ORD-00996,PROD-00062,1,631.88,34.84
3913,ORD-00546,PROD-00060,7,2068.48,40.21
3914,ORD-00614,PROD-00123,4,216.43,11.87
3915,ORD-00657,PROD-00172,5,73.07,3.35
3916,ORD-00103,PROD-00294,3,1648.12,1.95
3917,ORD-00201,PROD-00232,5,2268.48,29.42
3918,ORD-00201,PROD-00152,1,573.4,33.77
3919,ORD-01307,PROD-00148,2,984.56,6.32
3920,ORD-00516,PROD-00252,7,1269.33,1.94
3921,ORD-01479,PROD-00277,6,1043.82,4.25
3922,ORD-00596,PROD-00084,3,2312.15,39.36
3923,ORD-00508,PROD-00004,2,1386.24,13.19
3924,ORD-00435,PROD-00173,3,432.03,25.26
3925,ORD-00494,PROD-00286,6,1936.11,26.55
3926,ORD-00189,PROD-00212,6,1852.08,27.41
3927,ORD-00926,PROD-00180,6,2486.42,37.88
3928,ORD-00220,PROD-00252,2,1639.11,42.53
3929,ORD-00633,PROD-00248,6,2275.36,15.21
3930,ORD-00506,PROD-00041,7,2459.56,0.4
3931,ORD-00923,PROD-00063,3,1887.4,19.41
3932,ORD-01428,PROD-00142,4,304.23,39.47
3933,ORD-00171,PROD-00204,3,134.28,34.27
3934,ORD-01243,PROD-00160,1,1654.18,44.78
3935,ORD-01474,PROD-00201,4,1859.79,35.18
3936,ORD-00259,PROD-00060,3,1731.52,28.53
3937,ORD-00027,PROD-00103,4,1379.8,31.28
3938,ORD-00131,PROD-00195,6,2213.55,37.62
3939,ORD-00599,PROD-00015,4,115.04,21.63
3940,ORD-01462,PROD-00295,3,2273.3,33.07
3941,ORD-00020,PROD-00073,4,1588.56,14.33
3942,ORD-00621,PROD-00211,5,322.75,9.08
3943,ORD-00050,PROD-00098,1,614.46,1.86
3944,ORD-01369,PROD-00290,7,1585.58,4.48
3945,ORD-00190,PROD-00195,-5,189.97,38.33
3946,ORD-00332,PROD-00021,5,1913.65,26.98
3947,ORD-01182,PROD-00245,4,874.84,20.79
3948,ORD-00231,PROD-00275,5,1084.53,8.83
3949,ORD-00327,PROD-00096,2,889.79,6.88
3950,ORD-00179,PROD-00141,5,1115.23,16.72
3951,ORD-00207,PROD-00058,5,467.55,28.84
3952,ORD-00402,PROD-00053,3,647.28,41.98
3953,ORD-01033,PROD-00141,2,2238.38,32.47
3954,ORD-00270,PROD-00057,4,603.1,33.73
3955,ORD-00915,PROD-00226,1,754.2,28.04
3956,ORD-00336,PROD-00036,4,1813.29,27.22
3957,ORD-00761,PROD-00149,7,1374.39,8.81
3958,ORD-01461,PROD-00145,7,1081.1,8.39
3959,ORD-01281,PROD-00181,7,201.46,3.78
3960,ORD-01138,PROD-00096,1,1615.84,7.57
3961,ORD-00975,PROD-00064,0,595.89,21.41
3962,ORD-01124,PROD-00249,5,625.26,8.49
3963,ORD-00094,PROD-00195,2,568.8,37.5
3964,ORD-00720,PROD-00176,2,381.66,34.38
3965,ORD-01366,PROD-00299,2,486.64,43.4
3966,ORD-01100,PROD-00258,2,1392.96,10.71
3967,ORD-00229,PROD-00137,2,81.9,15.09
3968,ORD-01338,PROD-00084,4,509.64,37.45
3969,ORD-00120,PROD-00067,6,1270.57,12.93
3970,ORD-01362,PROD-00081,7,1178.46,39.62
3971,ORD-00207,PROD-00121,6,1978.74,12.74
3972,ORD-00694,PROD-00081,1,1783.28,32.78
3973,ORD-00654,PROD-00249,5,1728.53,44.45
3974,ORD-00026,PROD-00032,3,2424.55,19.89
3975,ORD-00848,PROD-00211,6,880.43,39.59
3976,ORD-00758,PROD-00161,7,1051.2,37.76
3977,ORD-00264,PROD-00169,2,803.51,1.91
3978,ORD-01160,PROD-00270,7,422.52,15.83
3979,ORD-01130,PROD-00122,-3,1465.47,2.56
3980,ORD-00679,PROD-00094,3,2221.84,31.25
3981,ORD-00493,PROD-00003,5,1414.06,19.63
3982,ORD-00960,PROD-00089,5,1625.33,23.36
3983,ORD-00463,PROD-00249,2,1887.81,38.34
3984,ORD-00848,PROD-00155,7,150.26,3.44
3985,ORD-00720,PROD-00044,2,376.86,42.8
3986,ORD-01431,PROD-00271,5,1974.09,0.11
3987,ORD-01127,PROD-00223,1,1428.93,37.14
3988,ORD-00592,PROD-00164,4,1998.02,20.14
3989,ORD-00069,PROD-00079,3,1909.95,33.7
3990,ORD-00858,PROD-00230,4,745.22,35.06
3991,ORD-00728,PROD-00132,1,484.19,9.48
3992,ORD-00455,PROD-00206,6,178.09,6.2
3993,ORD-01438,PROD-00083,3,2253.87,12.08
3994,ORD-00959,PROD-00075,5,1711.55,12.67
3995,ORD-01215,PROD-00167,7,2387.44,36.41
3996,ORD-01425,PROD-00084,3,2239.92,25.44
3997,ORD-00493,PROD-00252,3,489.12,43.81
3998,ORD-00960,PROD-00278,5,355.63,36.74
3999,ORD-01416,PROD-00288,7,171.95,36.38
4000,ORD-01160,PROD-00236,3,744.58,37.8
